Time,G2.L2TV,G2.CPD,G2.TNL,G2.TTXD1_9,G2.L63QTX,G2.tnh1_rpm
4/18/2022 12:17:52.380,0.0,0.08544400334,0.0,72.18317413,0.0,0.0
4/18/2022 12:27:52.700,0.0,0.04861801863,0.0,72.35948944,0.0,0.0
4/18/2022 12:37:53.020,0.0,0.08364990354,0.0,72.34371185,0.0,0.0
4/18/2022 12:47:53.660,0.0,0.09661540389,0.0,72.38583374,0.0,0.0
4/18/2022 12:57:53.980,0.0,0.09407028556,0.0,72.7722702,0.0,0.0
4/18/2022 13:07:54.300,0.0,0.09417459369,0.0,73.22431183,0.0,0.0
4/18/2022 13:17:54.620,0.0,0.09693875909,0.0,73.38244629,0.0,0.0
4/18/2022 13:27:54.940,0.0,0.1164078712,0.0,73.7215271,0.0,0.0
4/18/2022 13:37:55.260,0.0,0.09226053953,0.0,74.15115356,0.0,0.0
4/18/2022 13:47:55.580,0.0,0.1174978912,0.0,74.23542023,0.0,0.0
4/18/2022 13:57:55.900,0.0,0.1011997461,0.0,74.47064209,0.0,0.0
4/18/2022 14:07:56.220,0.0,0.1158133149,0.0,74.93486023,0.0,0.0
4/18/2022 14:17:56.540,0.0,0.08569434285,0.0,75.15061188,0.0,0.0
4/18/2022 14:27:56.860,0.0,0.1171901822,0.0,75.49988556,0.0,0.0
4/18/2022 14:37:57.180,0.0,0.1280799508,0.0,75.75138092,0.0,0.0
4/18/2022 14:47:57.500,0.0,0.1314647496,0.0,75.95825195,0.0,0.0
4/18/2022 14:57:57.820,0.0,0.1289613545,0.0,76.00579071,0.0,0.0
4/18/2022 15:07:58.140,0.0,0.08635148406,0.0,76.24833679,0.0,0.0
4/18/2022 15:17:58.460,0.0,0.1263067126,0.0,76.50448608,0.0,0.0
4/18/2022 15:27:58.780,0.0,0.09744986892,0.0,76.74876404,0.0,0.0
4/18/2022 15:37:59.100,0.0,0.09376779199,0.0,76.98995209,0.0,0.0
4/18/2022 15:47:59.420,0.0,0.1164756715,0.0,76.99160767,0.0,0.0
4/18/2022 15:57:59.740,0.0,0.0802077353,0.0,77.29413605,0.0,0.0
4/18/2022 16:08:00.060,0.0,0.1143790781,0.0,77.46660614,0.0,0.0
4/18/2022 16:18:00.380,0.0,0.09351223707,0.0,77.50492859,0.0,0.0
4/18/2022 16:28:00.700,0.0,0.08469298482,0.0,77.75060272,0.0,0.0
4/18/2022 16:38:01.020,0.0,0.1092731953,0.0,77.99640656,0.0,0.0
4/18/2022 16:48:01.340,0.0,0.08095353842,0.0,78.18005371,0.0,0.0
4/18/2022 16:58:01.660,0.0,0.09883716702,0.0,78.32116699,0.0,0.0
4/18/2022 17:08:01.980,0.0,0.06584972143,0.0,78.19291687,0.0,0.0
4/18/2022 17:18:02.300,0.0,0.07049143314,0.0,78.46664429,0.0,0.0
4/18/2022 17:28:02.620,0.0,0.09367913008,0.0,78.70832825,0.0,0.0
4/18/2022 17:38:02.940,0.0,0.08155852556,0.0,78.67549896,0.0,0.0
4/18/2022 17:48:03.260,0.0,0.06575062871,0.0,78.90457153,0.0,0.0
4/18/2022 17:58:03.580,0.0,0.07878914475,0.0,78.94017029,0.0,0.0
4/18/2022 18:08:03.900,0.0,0.1003548503,0.0,78.93283844,0.0,0.0
4/18/2022 18:18:04.500,0.0,0.09429454803,0.0,79.09235382,0.0,0.0
4/18/2022 18:28:04.820,0.0,0.1174457371,0.0,79.13947296,0.0,0.0
4/18/2022 18:38:05.140,0.0,0.06272047758,0.0,79.36995697,0.0,0.0
4/18/2022 18:48:05.460,0.0,0.09729862213,0.0,79.47088623,0.0,0.0
4/18/2022 18:58:05.780,0.0,0.06905198097,0.0,79.43441772,0.0,0.0
4/18/2022 19:08:06.100,0.0,0.1012101769,0.0,79.43300629,0.0,0.0
4/18/2022 19:18:06.420,0.0,0.06929710507,0.0,79.71052551,0.0,0.0
4/18/2022 19:28:06.740,0.0,0.05677491426,0.0,79.6411438,0.0,0.0
4/18/2022 19:38:07.060,0.0,0.1135863364,0.0,79.59114075,0.0,0.0
4/18/2022 19:48:07.380,0.0,0.0486753881,0.0,79.71250916,0.0,0.0
4/18/2022 19:58:07.700,0.0,0.06794631481,0.0,79.74723816,0.0,0.0
4/18/2022 20:08:08.020,0.0,0.06437376142,0.0,79.82989502,0.0,0.0
4/18/2022 20:18:08.340,0.0,0.07176399231,0.0,79.92061615,0.0,0.0
4/18/2022 20:28:08.660,0.0,0.0686712563,0.0,79.96296692,0.0,0.0
4/18/2022 20:38:08.980,0.0,0.08671656251,0.0,79.87307739,0.0,0.0
4/18/2022 20:48:09.300,0.0,0.09790882468,0.0,80.0835495,0.0,0.0
4/18/2022 20:58:09.620,0.0,0.07202476263,0.0,80.13430786,0.0,0.0
4/18/2022 21:08:09.940,0.0,0.07201433182,0.0,80.11824799,0.0,0.0
4/18/2022 21:18:10.260,0.0,0.07048621774,0.0,80.0298233,0.0,0.0
4/18/2022 21:28:10.580,0.0,0.06756559014,0.0,80.17575836,0.0,0.0
4/18/2022 21:38:10.900,0.0,0.08075535297,0.0,79.9223175,0.0,0.0
4/18/2022 21:48:11.220,0.0,0.08327960968,0.0,79.92739868,0.0,0.0
4/18/2022 21:58:11.540,0.0,0.03580898046,0.0,79.98474121,0.0,0.0
4/18/2022 22:08:11.900,0.0,0.07053315639,0.0,79.83341217,0.0,0.0
4/18/2022 22:18:12.220,0.0,0.07209777832,0.0,79.71867371,0.0,0.0
4/18/2022 22:28:12.540,0.0,0.05102753639,0.0,79.64617157,0.0,0.0
4/18/2022 22:38:12.860,0.0,0.03350898623,0.0,79.46128082,0.0,0.0
4/18/2022 22:48:13.180,0.0,0.1159019768,0.0,79.23936462,0.0,0.0
4/18/2022 22:58:13.500,0.0,0.03792122006,0.0,79.05782318,0.0,0.0
4/18/2022 23:08:13.820,0.0,0.100146234,0.0,79.03089142,0.0,0.0
4/18/2022 23:18:14.140,0.0,0.04051849246,0.0,78.6733551,0.0,0.0
4/18/2022 23:28:14.460,0.0,0.04084706306,0.0,78.36351013,0.0,0.0
4/18/2022 23:38:14.780,0.0,0.03552734852,0.0,78.2767868,0.0,0.0
4/18/2022 23:48:15.100,0.0,0.06316378713,0.0,78.01540375,0.0,0.0
4/18/2022 23:58:15.420,0.0,0.03703460097,0.0,77.77105713,0.0,0.0
4/19/2022 00:08:15.740,0.0,0.05431845784,0.0,77.73690033,0.0,0.0
4/19/2022 00:18:16.060,0.0,0.03857836127,0.0,77.40023041,0.0,0.0
4/19/2022 00:28:16.380,0.0,0.04070624709,0.0,77.07217407,0.0,0.0
4/19/2022 00:38:16.700,0.0,0.03993436694,0.0,76.89302826,0.0,0.0
4/19/2022 00:48:17.020,0.0,0.03431215882,0.0,76.7864151,0.0,0.0
4/19/2022 00:58:17.340,0.0,0.04178583622,0.0,76.53359222,0.0,0.0
4/19/2022 01:08:17.660,0.0,-0.003439560533,0.0,76.2381897,0.0,0.0
4/19/2022 01:18:17.980,0.0,0.0401481986,0.0,76.0689621,0.0,0.0
4/19/2022 01:28:18.300,0.0,0.02412647009,0.0,76.0070343,0.0,0.0
4/19/2022 01:38:18.620,0.0,0.02782419324,0.0,75.91664886,0.0,0.0
4/19/2022 01:48:18.940,0.0,0.007651001215,0.0,75.67301941,0.0,0.0
4/19/2022 01:58:19.260,0.0,0.02096071839,0.0,75.67944336,0.0,0.0
4/19/2022 02:08:19.580,0.0,0.002633780241,0.0,75.48425293,0.0,0.0
4/19/2022 02:18:19.900,0.0,-0.01102797687,0.0,75.42340851,0.0,0.0
4/19/2022 02:28:20.220,0.0,-0.02621263266,0.0,75.07398987,0.0,0.0
4/19/2022 02:38:20.540,0.0,-0.003215298057,0.0,75.08408356,0.0,0.0
4/19/2022 02:48:20.860,0.0,0.005215406418,0.0,75.05285645,0.0,0.0
4/19/2022 02:58:21.180,0.0,0.00810995698,0.0,74.81127167,0.0,0.0
4/19/2022 03:08:21.500,0.0,-0.004313141108,0.0,74.60723877,0.0,0.0
4/19/2022 03:18:21.820,0.0,-0.01983940601,0.0,74.63019562,0.0,0.0
4/19/2022 03:28:22.140,0.0,-0.003316998482,0.0,74.54547882,0.0,0.0
4/19/2022 03:38:22.460,0.0,0.0111296773,0.0,74.42363739,0.0,0.0
4/19/2022 03:48:22.780,0.0,-0.004075840116,0.0,73.9890213,0.0,0.0
4/19/2022 03:58:23.100,0.0,-0.05516074598,0.0,73.81770325,0.0,0.0
4/19/2022 04:08:23.420,0.0,-0.002177432179,0.0,73.90776062,0.0,0.0
4/19/2022 04:18:23.740,0.0,0.01136958599,0.0,73.49961853,0.0,0.0
4/19/2022 04:28:24.060,0.0,0.01027956605,0.0,73.43584442,0.0,0.0
4/19/2022 04:38:24.380,0.0,-0.02104155719,0.0,73.37975311,0.0,0.0
4/19/2022 04:48:24.700,0.0,-0.01836083829,0.0,73.27843475,0.0,0.0
4/19/2022 04:58:25.020,0.0,-0.01788362861,0.0,73.12712097,0.0,0.0
4/19/2022 05:08:25.340,0.0,-0.01099407673,0.0,73.06542206,0.0,0.0
4/19/2022 05:18:25.660,0.0,-0.003254413605,0.0,72.99030304,0.0,0.0
4/19/2022 05:28:25.980,0.0,-0.03817155957,0.0,72.77576447,0.0,0.0
4/19/2022 05:38:26.300,0.0,-0.0390842557,0.0,72.62883759,0.0,0.0
4/19/2022 05:48:26.620,0.0,-0.04833899438,0.0,72.61980438,0.0,0.0
4/19/2022 05:58:26.940,0.0,-0.03255195916,0.0,72.53443909,0.0,0.0
4/19/2022 06:08:27.260,0.0,-0.0563967973,0.0,72.4358139,0.0,0.0
4/19/2022 06:18:27.580,0.0,-0.02553723752,0.0,72.18527222,0.0,0.0
4/19/2022 06:28:27.900,0.0,-0.03735795617,0.0,72.3334198,0.0,0.0
4/19/2022 06:38:28.220,0.0,-0.002474710345,0.0,72.44006348,0.0,0.0
4/19/2022 06:48:28.540,0.0,-0.04106089473,0.0,72.24123383,0.0,0.0
4/19/2022 06:58:28.860,0.0,-0.05699396133,0.0,72.26780701,0.0,0.0
4/19/2022 07:08:29.180,0.0,-0.02660639584,0.0,72.12072754,0.0,0.0
4/19/2022 07:17:52.380,0.0,-0.00377073884,0.0,72.07032776,0.0,0.0
4/19/2022 07:18:52.540,0.0,-0.02311207354,0.0,71.93550873,0.0,0.0
4/19/2022 07:19:52.700,0.0,-0.02555549145,0.0,72.06898499,0.0,0.0
4/19/2022 07:20:52.860,0.0,-0.03401488066,0.0,72.04331207,0.0,0.0
4/19/2022 07:21:53.020,0.0,-0.05589872599,0.0,72.00637054,0.0,0.0
4/19/2022 07:22:53.180,0.0,-0.05143433809,0.0,71.98162842,0.0,0.0
4/19/2022 07:23:53.340,0.0,-0.008201226592,0.0,72.01537323,0.0,0.0
4/19/2022 07:24:53.500,0.0,-0.03976225853,0.0,72.07980347,0.0,0.0
4/19/2022 07:25:53.660,0.0,-0.03687553108,0.0,72.04079437,0.0,0.0
4/19/2022 07:26:53.820,0.0,-0.04951506853,0.0,71.95878601,0.0,0.0
4/19/2022 07:27:53.980,0.0,-0.04163980484,0.0,71.8546524,0.0,0.0
4/19/2022 07:28:54.140,0.0,-0.003452599049,0.0,71.85662079,0.0,0.0
4/19/2022 07:29:54.300,0.0,-0.004941597581,0.0,72.04875183,0.0,0.0
4/19/2022 07:30:54.460,0.0,-0.03587417305,0.0,72.05430603,0.0,0.0
4/19/2022 07:31:54.620,0.0,-0.0396553427,0.0,71.93139648,0.0,0.0
4/19/2022 07:32:54.780,0.0,-0.04978366196,0.0,72.06555176,0.0,0.0
4/19/2022 07:33:54.940,0.0,-0.03422610462,0.0,71.94697571,0.0,0.0
4/19/2022 07:34:55.100,0.0,-0.006957352161,0.0,71.89079285,0.0,0.0
4/19/2022 07:35:55.260,0.0,-0.02131275833,0.0,71.88851929,0.0,0.0
4/19/2022 07:36:55.420,0.0,-0.03537870944,0.0,72.00961304,0.0,0.0
4/19/2022 07:37:55.580,0.0,-0.02101548016,0.0,72.10601044,0.0,0.0
4/19/2022 07:38:55.740,0.0,-0.04175715148,0.0,71.92175293,0.0,0.0
4/19/2022 07:39:55.900,0.0,-0.02522431314,0.0,71.94799042,0.0,0.0
4/19/2022 07:40:56.060,0.0,-0.02143532038,0.0,72.00228119,0.0,0.0
4/19/2022 07:41:56.220,0.0,-0.01817569137,0.0,71.88315582,0.0,0.0
4/19/2022 07:42:56.380,0.0,-0.02168305218,0.0,71.93369293,0.0,0.0
4/19/2022 07:43:56.540,0.0,-0.05648285151,0.0,72.0306015,0.0,0.0
4/19/2022 07:44:56.700,0.0,-0.009520724416,0.0,71.94129944,0.0,0.0
4/19/2022 07:45:56.860,0.0,-0.003395229578,0.0,72.01842499,0.0,0.0
4/19/2022 07:46:57.020,0.0,-0.02611093223,0.0,71.95172119,0.0,0.0
4/19/2022 07:47:57.180,0.0,-0.05025565624,0.0,71.94968414,0.0,0.0
4/19/2022 07:48:57.340,0.0,-0.05152560771,0.0,71.70619202,0.0,0.0
4/19/2022 07:49:57.500,0.0,-0.03916248679,0.0,72.00183868,0.0,0.0
4/19/2022 07:50:57.660,0.0,-0.02566240728,0.0,71.87459564,0.0,0.0
4/19/2022 07:51:57.820,0.0,-0.02100765705,0.0,72.05614471,0.0,0.0
4/19/2022 07:52:57.980,0.0,-0.01861900091,0.0,71.98032379,0.0,0.0
4/19/2022 07:53:58.140,0.0,-0.04129298031,0.0,72.17805481,0.0,0.0
4/19/2022 07:54:58.300,0.0,-0.01891367137,0.0,72.11029053,0.0,0.0
4/19/2022 07:55:58.460,0.0,-0.02511739731,0.0,72.03333282,0.0,0.0
4/19/2022 07:56:58.620,0.0,0.009538978338,0.0,72.09544373,0.0,0.0
4/19/2022 07:57:58.780,0.0,-0.02361536026,0.0,72.17831421,0.0,0.0
4/19/2022 07:58:58.940,0.0,-0.008892267942,0.0,72.19494629,0.0,0.0
4/19/2022 07:59:59.100,0.0,-0.01861900091,0.0,72.12482452,0.0,0.0
4/19/2022 08:00:59.260,0.0,-0.04012733698,0.0,72.03329468,0.0,0.0
4/19/2022 08:01:59.420,0.0,-0.008960068226,0.0,72.09690094,0.0,0.0
4/19/2022 08:02:59.580,0.0,-0.03395229578,0.0,71.98937988,0.0,0.0
4/19/2022 08:03:59.740,0.0,-0.03491193056,0.0,72.16546631,0.0,0.0
4/19/2022 08:04:59.900,0.0,-0.009061768651,0.0,72.27938843,0.0,0.0
4/19/2022 08:06:00.060,0.0,-0.0117816031,0.0,72.16912079,0.0,0.0
4/19/2022 08:07:00.220,0.0,-0.007077306509,0.0,72.09277344,0.0,0.0
4/19/2022 08:08:00.380,0.0,-0.01861900091,0.0,72.11506653,0.0,0.0
4/19/2022 08:09:00.540,0.0,-0.02517998219,0.0,72.10505676,0.0,0.0
4/19/2022 08:10:00.700,0.0,-0.02508349717,0.0,72.15840912,0.0,0.0
4/19/2022 08:11:00.860,0.0,-0.03318823874,0.0,72.10394287,0.0,0.0
4/19/2022 08:12:01.020,0.0,-0.004704296589,0.0,72.32324982,0.0,0.0
4/19/2022 08:13:01.180,0.0,-0.04006735981,0.0,72.13900757,0.0,0.0
4/19/2022 08:14:01.340,0.0,-0.05570575595,0.0,72.11711121,0.0,0.0
4/19/2022 08:15:01.500,0.0,-0.01941174269,0.0,72.3991394,0.0,0.0
4/19/2022 08:16:01.660,0.0,-0.008336827159,0.0,72.15831757,0.0,0.0
4/19/2022 08:17:01.820,0.0,-0.03291703761,0.0,72.11624146,0.0,0.0
4/19/2022 08:18:01.980,0.0,-0.04111304879,0.0,72.23049164,0.0,0.0
4/19/2022 08:19:02.140,0.0,-0.01172944903,0.0,72.17126465,0.0,0.0
4/19/2022 08:20:02.300,0.0,-0.01784451306,0.0,72.31988525,0.0,0.0
4/19/2022 08:21:02.460,0.0,-0.003366544843,0.0,72.29767609,0.0,0.0
4/19/2022 08:22:02.620,0.0,-0.02285130322,0.0,72.17460632,0.0,0.0
4/19/2022 08:23:02.780,0.0,-0.01845732331,0.0,72.20081329,0.0,0.0
4/19/2022 08:24:02.940,0.0,-0.02220720053,0.0,72.31565857,0.0,0.0
4/19/2022 08:25:03.100,0.0,0.004229694605,0.0,72.26018524,0.0,0.0
4/19/2022 08:26:03.260,0.0,-0.02488009632,0.0,72.25213623,0.0,0.0
4/19/2022 08:27:03.420,0.0,-0.0393293798,0.0,72.21080017,0.0,0.0
4/19/2022 08:28:03.580,0.0,-0.006806105375,0.0,72.14325714,0.0,0.0
4/19/2022 08:29:03.740,0.0,-0.01770369709,0.0,72.11434174,0.0,0.0
4/19/2022 08:30:03.900,0.0,-0.04138685763,0.0,72.31424713,0.0,0.0
4/19/2022 08:31:04.060,0.0,-0.02361536026,0.0,72.07720947,0.0,0.0
4/19/2022 08:32:04.220,0.0,-0.01740641892,0.0,72.37817383,0.0,0.0
4/19/2022 08:33:04.380,0.0,-0.02485401928,0.0,72.43878937,0.0,0.0
4/19/2022 08:34:04.540,0.0,-0.02618394792,0.0,72.22682953,0.0,0.0
4/19/2022 08:35:04.700,0.0,-0.01979507506,0.0,72.34529114,0.0,0.0
4/19/2022 08:36:04.860,0.0,0.01156777143,0.0,72.2062149,0.0,0.0
4/19/2022 08:37:05.020,0.0,-0.01016221941,0.0,72.30056763,0.0,0.0
4/19/2022 08:38:05.180,0.0,-0.02588666975,0.0,72.33103943,0.0,0.0
4/19/2022 08:39:05.340,0.0,-0.005841255188,0.0,72.46038055,0.0,0.0
4/19/2022 08:40:05.500,0.0,-0.004018470645,0.0,72.5778656,0.0,0.0
4/19/2022 08:41:05.660,0.0,-0.009880587459,0.0,72.52584839,0.0,0.0
4/19/2022 08:42:05.820,0.0,-0.04132948816,0.0,72.50701904,0.0,0.0
4/19/2022 08:43:05.980,0.0,-0.005890801549,0.0,72.46047211,0.0,0.0
4/19/2022 08:44:06.140,0.0,0.02613440156,0.0,72.44789886,0.0,0.0
4/19/2022 08:45:06.300,0.0,-0.02383440733,0.0,72.53501129,0.0,0.0
4/19/2022 08:46:06.460,0.0,-0.004894658923,0.0,72.59320068,0.0,0.0
4/19/2022 08:47:06.620,0.0,-0.008420273662,0.0,72.5046463,0.0,0.0
4/19/2022 08:48:06.780,0.0,-0.0262517482,0.0,72.5759964,0.0,0.0
4/19/2022 08:49:06.940,0.0,-0.03586113453,0.0,72.68318176,0.0,0.0
4/19/2022 08:50:07.100,0.0,0.01249611378,0.0,72.65089417,0.0,0.0
4/19/2022 08:51:07.260,0.0,0.003024935722,0.0,72.67686462,0.0,0.0
4/19/2022 08:52:07.420,0.0,-0.008960068226,0.0,72.77354431,0.0,0.0
4/19/2022 08:53:07.580,0.0,-0.006279349327,0.0,72.66447449,0.0,0.0
4/19/2022 08:54:07.740,0.0,-0.005053728819,0.0,72.76982117,0.0,0.0
4/19/2022 08:55:07.900,0.0,-0.003327429295,0.0,72.6782608,0.0,0.0
4/19/2022 08:56:08.060,0.0,0.01274123788,0.0,72.84311676,0.0,0.0
4/19/2022 08:57:08.220,0.0,-0.00259205699,0.0,72.8441925,0.0,0.0
4/19/2022 08:58:08.380,0.0,0.01021698117,0.0,72.69423676,0.0,0.0
4/19/2022 08:59:08.540,0.0,-0.011703372,0.0,72.78824615,0.0,0.0
4/19/2022 09:00:08.700,0.0,-0.00607073307,0.0,72.81404877,0.0,0.0
4/19/2022 09:01:08.860,0.0,-0.03959536552,0.0,72.94160461,0.0,0.0
4/19/2022 09:02:09.020,0.0,-0.004440918565,0.0,72.99291229,0.0,0.0
4/19/2022 09:03:09.180,0.0,0.002560764551,0.0,72.88717651,0.0,0.0
4/19/2022 09:04:09.340,0.0,0.01247525215,0.0,72.78507233,0.0,0.0
4/19/2022 09:05:09.500,0.0,-0.02249665558,0.0,72.9335556,0.0,0.0
4/19/2022 09:06:09.660,0.0,-0.02545379102,0.0,72.98567963,0.0,0.0
4/19/2022 09:07:09.820,0.0,-0.004187971354,0.0,73.04412842,0.0,0.0
4/19/2022 09:08:09.980,0.0,-0.04096701741,0.0,73.15285492,0.0,0.0
4/19/2022 09:09:10.140,0.0,0.01250132918,0.0,73.14493561,0.0,0.0
4/19/2022 09:10:10.300,0.0,-0.005131959915,0.0,73.12163544,0.0,0.0
4/19/2022 09:11:10.460,0.0,-0.04174150527,0.0,73.05992889,0.0,0.0
4/19/2022 09:12:10.620,0.0,0.01844167709,0.0,73.06039429,0.0,0.0
4/19/2022 09:13:10.780,0.0,0.01003444195,0.0,73.15460205,0.0,0.0
4/19/2022 09:14:10.940,0.0,-0.00293366611,0.0,73.0820694,0.0,0.0
4/19/2022 09:15:11.100,0.0,0.005601346493,0.0,73.10051727,0.0,0.0
4/19/2022 09:16:11.260,0.0,-0.02619698644,0.0,73.33344269,0.0,0.0
4/19/2022 09:17:11.420,0.0,-0.03336817026,0.0,73.1318512,0.0,0.0
4/19/2022 09:18:11.580,0.0,0.02670288086,0.0,73.09657288,0.0,0.0
4/19/2022 09:19:11.740,0.0,0.007489323616,0.0,73.23976135,0.0,0.0
4/19/2022 09:20:11.900,0.0,0.005231052637,0.0,73.29567719,0.0,0.0
4/19/2022 09:21:12.060,0.0,-0.01827217638,0.0,73.02325439,0.0,0.0
4/19/2022 09:22:12.220,0.0,-0.03986917436,0.0,72.53093719,0.0,0.0
4/19/2022 09:23:12.380,0.0,0.02534687519,0.0,73.00827026,0.0,0.0
4/19/2022 09:24:12.540,0.0,-0.01003183424,0.0,73.13781738,0.0,0.0
4/19/2022 09:25:12.700,0.0,0.009497255087,0.0,73.06602478,0.0,0.0
4/19/2022 09:26:12.860,0.0,0.04096180201,0.0,73.33794403,0.0,0.0
4/19/2022 09:27:13.020,0.0,0.02219155431,0.0,73.43280029,0.0,0.0
4/19/2022 09:28:13.180,0.0,-0.02581365407,0.0,73.42177582,0.0,0.0
4/19/2022 09:29:13.340,0.0,-0.01238659024,0.0,73.44989777,0.0,0.0
4/19/2022 09:30:13.500,0.0,0.008892267942,0.0,73.4225235,0.0,0.0
4/19/2022 09:31:13.660,0.0,0.01206323504,0.0,73.44773102,0.0,0.0
4/19/2022 09:32:13.820,0.0,0.0111348927,0.0,73.47694397,0.0,0.0
4/19/2022 09:33:13.980,0.0,-0.007976964116,0.0,73.58505249,0.0,0.0
4/19/2022 09:34:14.140,0.0,-0.01122877002,0.0,73.63941193,0.0,0.0
4/19/2022 09:35:14.300,0.0,0.004000216722,0.0,73.5619278,0.0,0.0
4/19/2022 09:36:14.460,0.0,0.02692192793,0.0,73.5958786,0.0,0.0
4/19/2022 09:37:14.620,0.0,0.003603845835,0.0,73.58729553,0.0,0.0
4/19/2022 09:38:14.780,0.0,-0.009486824274,0.0,73.7292099,0.0,0.0
4/19/2022 09:39:14.940,0.0,-0.0244602561,0.0,73.61089325,0.0,0.0
4/19/2022 09:40:15.100,0.0,0.02069473267,0.0,73.80220795,0.0,0.0
4/19/2022 09:41:15.260,0.0,0.007129460573,0.0,73.85170746,0.0,0.0
4/19/2022 09:42:15.420,0.0,0.02273395658,0.0,73.76959229,0.0,0.0
4/19/2022 09:43:15.580,0.0,0.01133829355,0.0,73.69554901,0.0,0.0
4/19/2022 09:44:15.740,0.0,0.02038180828,0.0,73.87122345,0.0,0.0
4/19/2022 09:45:15.900,0.0,0.02426207066,0.0,73.89877319,0.0,0.0
4/19/2022 09:46:16.060,0.0,0.008156895638,0.0,73.69480896,0.0,0.0
4/19/2022 09:47:16.220,0.0,0.01879110932,0.0,73.88600922,0.0,0.0
4/19/2022 09:48:16.380,0.0,0.01062899828,0.0,73.90137482,0.0,0.0
4/19/2022 09:49:16.540,0.0,0.01109316945,0.0,74.01054382,0.0,0.0
4/19/2022 09:50:16.700,0.0,0.02417340875,0.0,73.91988373,0.0,0.0
4/19/2022 09:51:16.860,0.0,0.0412017107,0.0,74.01754761,0.0,0.0
4/19/2022 09:52:17.020,0.0,0.003327429295,0.0,73.85176086,0.0,0.0
4/19/2022 09:53:17.180,0.0,0.02676025033,0.0,74.05162048,0.0,0.0
4/19/2022 09:54:17.340,0.0,-0.01170858741,0.0,73.81300354,0.0,0.0
4/19/2022 09:55:17.500,0.0,0.01011788845,0.0,74.13424683,0.0,0.0
4/19/2022 09:56:17.660,0.0,0.04065409303,0.0,73.8764267,0.0,0.0
4/19/2022 09:57:17.820,0.0,0.02113804221,0.0,74.01634216,0.0,0.0
4/19/2022 09:58:17.980,0.0,0.005340576172,0.0,74.12952423,0.0,0.0
4/19/2022 09:59:18.140,0.0,0.01094192266,0.0,74.11449432,0.0,0.0
4/19/2022 10:00:18.300,0.0,0.01078546047,0.0,74.17868042,0.0,0.0
4/19/2022 10:01:18.460,0.0,0.02001151443,0.0,74.08203888,0.0,0.0
4/19/2022 10:02:18.620,0.0,0.01806095243,0.0,74.18170929,0.0,0.0
4/19/2022 10:03:18.780,0.0,0.0380307436,0.0,74.18362427,0.0,0.0
4/19/2022 10:04:18.940,0.0,0.04217177629,0.0,74.26734161,0.0,0.0
4/19/2022 10:05:19.100,0.0,0.01221969724,0.0,74.3667984,0.0,1.019590378
4/19/2022 10:06:19.260,0.0,0.04290193319,0.0,74.30160522,0.0,165.2133331
4/19/2022 10:07:19.420,0.0,0.2508975565,0.0,75.94168091,0.0,785.1594238
4/19/2022 10:08:19.580,0.0,0.4577249289,0.0,79.05142212,0.0,1040.69104
4/19/2022 10:09:19.740,0.0,0.5415939093,0.0,81.29277802,0.0,1121.805664
4/19/2022 10:10:19.900,1.0,1.01935637,0.0,224.896286,0.0,1183.338623
4/19/2022 10:11:20.060,1.0,1.512994647,0.0,414.5971069,0.0,1410.530029
4/19/2022 10:12:20.220,1.0,2.17100668,0.0,501.8060913,0.0,1583.13855
4/19/2022 10:13:20.380,1.0,3.10106492,0.0,626.3591309,0.0,1800.617554
4/19/2022 10:14:20.540,1.0,4.616130352,0.0,710.8946533,0.0,2090.432129
4/19/2022 10:15:20.700,1.0,6.513604641,0.0,743.4324951,0.0,2377.942139
4/19/2022 10:16:20.860,1.0,9.457028389,0.0,770.4581299,0.0,2707.630127
4/19/2022 10:17:21.020,1.0,15.5290966,0.0,780.4668579,0.0,3186.666992
4/19/2022 10:18:21.180,1.0,24.93408585,0.0,783.4382935,0.0,3692.796387
4/19/2022 10:19:21.340,1.0,33.37146759,0.0,735.4932861,0.0,4081.84082
4/19/2022 10:20:21.500,1.0,37.30483627,0.0,713.4075928,0.0,4277.175293
4/19/2022 10:21:21.660,1.0,39.39194489,0.0,715.6932373,0.0,4397.344238
4/19/2022 10:22:21.820,1.0,40.40165329,0.0,716.4440918,0.0,4461.978516
4/19/2022 10:23:21.980,1.0,40.59716034,0.0,718.2359009,0.0,4478.07959
4/19/2022 10:24:22.140,1.0,40.85712433,0.0,719.4431152,0.0,4492.060059
4/19/2022 10:25:22.300,1.0,40.89434052,0.0,719.8347778,0.0,4495.358398
4/19/2022 10:26:22.460,1.0,42.45185471,0.0,732.0866089,0.0,4582.09375
4/19/2022 10:27:22.620,1.0,43.04162216,0.0,730.5424194,0.0,4634.958496
4/19/2022 10:28:22.780,1.0,42.59358215,0.0,732.609436,0.0,4623.992188
4/19/2022 10:29:22.940,1.0,42.64753723,0.0,734.036438,0.0,4637.98584
4/19/2022 10:30:23.100,1.0,64.72988892,0.0,822.5835571,0.0,4752.663574
4/19/2022 10:31:23.260,1.0,81.23553467,0.0,839.1946411,0.0,5099.742676
4/19/2022 10:32:23.420,1.0,81.16999817,0.0,848.7114258,0.0,5100.587891
4/19/2022 10:33:23.580,1.0,80.95464325,0.0,850.9781494,0.0,5096.298828
4/19/2022 10:34:23.740,1.0,93.28852844,0.0,926.5557251,0.0,5485.513672
4/19/2022 10:35:23.900,1.0,93.67389679,0.0,940.5176392,0.0,5511.868652
4/19/2022 10:36:24.060,1.0,93.20046997,0.0,937.6400757,0.0,5478.801758
4/19/2022 10:37:24.220,1.0,93.09680939,0.0,942.9562378,0.0,5485.889648
4/19/2022 10:38:24.380,1.0,93.16310883,0.0,944.6118774,0.0,5482.355957
4/19/2022 10:39:24.540,1.0,83.0,0.002009588527,967.99646,0.0,5586.644043
4/19/2022 10:40:24.700,0.0,75.0,0.0,535.7687378,0.0,3884.198975
4/19/2022 10:41:24.860,0.0,1.265148044,0.0,548.6882935,0.0,1456.172852
4/19/2022 10:42:25.020,0.0,0.3803178668,0.0,557.6008911,0.0,828.958252
4/19/2022 10:43:25.180,0.0,0.1530513167,0.0,575.40448,0.0,533.5268555
4/19/2022 10:44:25.340,0.0,0.1095287502,0.0,598.0845947,0.0,355.5985413
4/19/2022 10:45:25.500,0.0,0.0424169004,0.0,644.4312134,0.0,232.968811
4/19/2022 10:46:25.660,0.0,0.05733817816,0.0,658.7932739,0.0,141.9422302
4/19/2022 10:47:25.820,0.0,0.03561601043,0.0,696.1436768,0.0,66.91595459
4/19/2022 10:48:25.980,0.0,0.01157298684,0.0,696.8743896,0.0,0.0
4/19/2022 10:49:26.140,0.0,-0.008003041148,0.0,697.8755493,0.0,0.0
4/19/2022 10:50:26.300,0.0,0.03442689776,0.0,699.9376221,0.0,0.0
4/19/2022 10:51:26.460,0.0,0.01180768013,0.0,694.4232178,0.0,0.0
4/19/2022 10:52:26.620,0.0,0.00412017107,0.0,691.6739502,0.0,0.0
4/19/2022 10:53:26.780,0.0,-0.02083554864,0.0,688.7891846,0.0,0.0
4/19/2022 10:54:26.940,0.0,0.03670603037,0.0,684.7592163,0.0,0.0
4/19/2022 10:55:27.100,0.0,0.02156049013,0.0,680.3761597,0.0,0.0
4/19/2022 10:56:27.260,0.0,0.03817677498,0.0,674.3843384,0.0,0.0
4/19/2022 10:57:27.420,0.0,0.02683326602,0.0,669.5688477,0.0,0.0
4/19/2022 10:58:27.580,0.0,0.01059249043,0.0,665.4361572,0.0,0.0
4/19/2022 10:59:27.740,0.0,0.03595501184,0.0,655.9810181,0.0,0.0
4/19/2022 11:00:27.900,0.0,0.01985505223,0.0,651.8561401,0.0,0.0
4/19/2022 11:01:28.060,0.0,-0.01801401377,0.0,643.473877,0.0,0.0
4/19/2022 11:02:28.220,0.0,0.005246698856,0.0,642.9942627,0.0,0.0
4/19/2022 11:03:28.380,0.0,0.02293735743,0.0,636.4748535,0.0,0.0
4/19/2022 11:04:28.540,0.0,0.024215132,0.0,632.8798828,0.0,0.0
4/19/2022 11:05:28.700,0.0,0.0342130661,0.0,627.1031494,0.0,0.0
4/19/2022 11:06:28.860,0.0,0.01147389412,0.0,623.744751,0.0,1.18182075
4/19/2022 11:07:29.020,0.0,0.01073852181,0.0,617.4068604,0.0,0.0
4/19/2022 11:08:29.180,0.0,0.02033486962,0.0,606.5354614,0.0,1.317150116
4/19/2022 11:09:29.340,0.0,-0.003447383642,0.0,596.3842163,0.0,1.274729609
4/19/2022 11:10:29.500,0.0,0.003395229578,0.0,593.2632446,0.0,0.0
4/19/2022 11:11:29.660,0.0,-0.005364045501,0.0,591.5689697,0.0,0.0
4/19/2022 11:12:29.820,0.0,0.02035051584,0.0,584.406189,0.0,0.0
4/19/2022 11:13:29.980,0.0,0.02503916621,0.0,580.2665405,0.0,0.0
4/19/2022 11:14:30.140,0.0,0.01030042768,0.0,576.6420288,0.0,0.0
4/19/2022 11:15:30.300,0.0,0.0224262476,0.0,570.4902344,0.0,0.0
4/19/2022 11:16:30.460,0.0,-0.01046992838,0.0,566.9078979,0.0,0.0
4/19/2022 11:17:30.620,0.0,0.01825913787,0.0,560.7036743,0.0,0.0
4/19/2022 11:17:52.380,0.0,0.0245384872,0.0,559.0449219,0.0,0.0
4/19/2022 11:18:02.620,0.0,-0.00454261899,0.0,556.0239258,0.0,0.0
4/19/2022 11:18:12.860,0.0,-0.0106446445,0.0,557.3669434,0.0,0.0
4/19/2022 11:18:23.100,0.0,0.004740804434,0.0,554.09552,0.0,0.0
4/19/2022 11:18:33.340,0.0,0.02165436745,0.0,554.2092896,0.0,0.0
4/19/2022 11:18:43.580,0.0,0.01001879573,0.0,551.9283447,0.0,0.0
4/19/2022 11:18:53.820,0.0,0.02499744296,0.0,554.1190796,0.0,0.0
4/19/2022 11:19:04.060,0.0,0.003332644701,0.0,551.0950317,0.0,0.0
4/19/2022 11:19:14.300,0.0,0.01800879836,0.0,551.9557495,0.0,0.0
4/19/2022 11:19:24.540,0.0,0.009043514729,0.0,547.9689331,0.0,0.0
4/19/2022 11:19:34.780,0.0,0.01243874431,0.0,550.1054077,0.0,0.0
4/19/2022 11:19:45.020,0.0,0.02289041877,0.0,549.0758667,0.0,0.0
4/19/2022 11:19:55.260,0.0,-0.01156777143,0.0,551.3605957,0.0,0.0
4/19/2022 11:20:05.500,0.0,-0.008482858539,0.0,550.22052,0.0,0.0
4/19/2022 11:20:15.740,0.0,-0.005058944225,0.0,549.6871338,0.0,0.0
4/19/2022 11:20:25.980,0.0,0.02609267831,0.0,545.1030273,0.0,0.0
4/19/2022 11:20:36.220,0.0,0.01887455583,0.0,545.2723999,0.0,0.0
4/19/2022 11:20:46.460,0.0,0.02013146877,0.0,546.9152832,0.0,0.0
4/19/2022 11:20:56.700,0.0,0.02601444721,0.0,544.5084839,0.0,0.0
4/19/2022 11:21:06.940,0.0,0.03870353103,0.0,544.9644775,0.0,0.0
4/19/2022 11:21:17.180,0.0,0.01711696386,0.0,545.942688,0.0,0.0
4/19/2022 11:21:27.420,0.0,0.006941705942,0.0,544.9375,0.0,0.0
4/19/2022 11:21:37.660,0.0,0.02756863832,0.0,543.744873,0.0,0.0
4/19/2022 11:21:47.900,0.0,-0.009027868509,0.0,544.2562866,0.0,0.0
4/19/2022 11:21:58.140,0.0,0.01892149448,0.0,545.6890259,0.0,0.0
4/19/2022 11:22:08.380,0.0,0.01078024507,0.0,537.4512329,0.0,0.0
4/19/2022 11:22:18.620,0.0,-0.004344433546,0.0,538.7578125,0.0,0.0
4/19/2022 11:22:28.860,0.0,0.003723800182,0.0,540.5671387,0.0,0.0
4/19/2022 11:22:39.100,0.0,0.005470961332,0.0,538.4286499,0.0,0.0
4/19/2022 11:22:49.340,0.0,0.02690628171,0.0,538.769043,0.0,0.0
4/19/2022 11:22:59.580,0.0,0.03889650106,0.0,536.2293091,0.0,0.0
4/19/2022 11:23:09.820,0.0,0.003953278065,0.0,535.7252808,0.0,0.0
4/19/2022 11:23:20.060,0.0,0.0212945044,0.0,531.5820313,0.0,0.0
4/19/2022 11:23:30.300,0.0,0.01187026501,0.0,530.3636475,0.0,0.0
4/19/2022 11:23:40.540,0.0,0.02200379968,0.0,533.0775146,0.0,0.0
4/19/2022 11:23:50.780,0.0,0.003082305193,0.0,530.6107788,0.0,0.0
4/19/2022 11:24:01.020,0.0,0.03675296903,0.0,530.8773804,0.0,0.0
4/19/2022 11:24:11.260,0.0,0.01166164875,0.0,529.0209961,0.0,0.0
4/19/2022 11:24:21.500,0.0,0.00754147768,0.0,531.5357056,0.0,0.0
4/19/2022 11:24:31.740,0.0,0.003233551979,0.0,531.40979,0.0,1.270867825
4/19/2022 11:24:41.980,0.0,0.03714933991,0.0,527.7631836,0.0,1.33868444
4/19/2022 11:24:52.220,0.0,0.04270896316,0.0,529.3725586,0.0,0.0
4/19/2022 11:25:02.460,0.0,0.007645785809,0.0,528.2040405,0.0,0.6375006437
4/19/2022 11:25:12.700,0.0,0.001997500658,0.0,526.343689,0.0,0.812513113
4/19/2022 11:25:22.940,0.0,0.02201423049,0.0,521.5369873,0.0,1.340555906
4/19/2022 11:25:33.180,0.0,0.02630129457,0.0,522.3677368,0.0,1.290575027
4/19/2022 11:25:43.420,0.0,0.03967881203,0.0,522.1759033,0.0,1.686905861
4/19/2022 11:25:53.660,0.0,-0.02543032169,0.0,523.8076172,0.0,1.325615764
4/19/2022 11:26:03.900,0.0,0.02039223909,0.0,523.9553223,0.0,1.291617751
4/19/2022 11:26:14.140,0.0,0.00879317522,0.0,524.0581055,0.0,1.32940805
4/19/2022 11:26:24.380,0.0,0.04298016429,0.0,523.5111084,0.0,1.34931004
4/19/2022 11:26:34.620,0.0,-0.006537511945,0.0,522.0626831,0.0,0.0
4/19/2022 11:26:44.860,0.0,0.01988634467,0.0,520.1669312,0.0,0.0
4/19/2022 11:26:55.100,0.0,-0.01078546047,0.0,518.3760376,0.0,0.6437869072
4/19/2022 11:27:05.340,0.0,-0.008610635996,0.0,518.6817017,0.0,1.313690662
4/19/2022 11:27:15.580,0.0,0.0105664134,0.0,518.8740845,0.0,1.308515668
4/19/2022 11:27:25.820,0.0,0.01094713807,0.0,516.5869141,0.0,1.240038872
4/19/2022 11:27:36.060,0.0,0.02382397652,0.0,517.7799072,0.0,0.8616343141
4/19/2022 11:27:46.300,0.0,0.004495680332,0.0,517.4503174,0.0,1.279158473
4/19/2022 11:27:56.540,0.0,-0.01130439341,0.0,517.8158569,0.0,1.225331664
4/19/2022 11:28:06.780,0.0,0.02159699798,0.0,515.7080688,0.0,0.0
4/19/2022 11:28:17.020,0.0,0.01148954034,0.0,510.9100952,0.0,0.0
4/19/2022 11:28:27.260,0.0,0.010561198,0.0,513.7414551,0.0,0.0
4/19/2022 11:28:37.500,0.0,-0.0107254833,0.0,513.1886597,0.0,0.0
4/19/2022 11:28:47.740,0.0,-0.009870156646,0.0,510.9937134,0.0,1.310933352
4/19/2022 11:28:57.980,0.0,0.009053945541,0.0,511.7970886,0.0,1.312046289
4/19/2022 11:29:08.220,0.0,0.02708882093,0.0,510.9951782,0.0,1.28677392
4/19/2022 11:29:18.460,0.0,0.02090856433,0.0,509.8807068,0.0,1.817305207
4/19/2022 11:29:28.700,0.0,0.003337860107,0.0,509.7875671,0.0,0.0
4/19/2022 11:29:38.940,0.0,0.02352148294,0.0,508.3969116,0.0,0.0
4/19/2022 11:29:49.180,0.0,0.01195892692,0.0,509.1274109,0.0,0.0
4/19/2022 11:29:59.420,0.0,-0.007296353579,0.0,510.4664612,0.0,0.0
4/19/2022 11:30:09.660,0.0,0.0180400908,0.0,507.7090454,0.0,0.0
4/19/2022 11:30:19.900,0.0,0.008694082499,0.0,509.4769897,0.0,1.096275568
4/19/2022 11:30:30.140,0.0,0.05575269461,0.0,507.3553772,0.0,1.331143618
4/19/2022 11:30:40.380,0.0,-0.007739663124,0.0,506.2696838,0.0,1.330656648
4/19/2022 11:30:50.620,0.0,0.0186085701,0.0,507.1174316,0.0,0.8562060595
4/19/2022 11:31:00.860,0.0,0.00921562314,0.0,504.6842346,0.0,1.343793273
4/19/2022 11:31:11.100,0.0,0.02598837018,0.0,504.6324768,0.0,1.354545474
4/19/2022 11:31:21.340,0.0,0.007165968418,0.0,502.7580261,0.0,0.0
4/19/2022 11:31:31.580,0.0,-0.01176856458,0.0,504.1072083,0.0,0.0
4/19/2022 11:31:41.820,0.0,0.006487965584,0.0,502.9959717,0.0,0.0
4/19/2022 11:31:52.060,0.0,0.02680197358,0.0,503.3042297,0.0,1.309137464
4/19/2022 11:32:02.300,0.0,0.02495571971,0.0,505.5134583,0.0,0.836222887
4/19/2022 11:32:12.540,0.0,0.004104524851,0.0,502.5462952,0.0,1.340040445
4/19/2022 11:32:22.780,0.0,-0.009932741523,0.0,502.2608337,0.0,0.8416550159
4/19/2022 11:32:33.020,0.0,0.01217797399,0.0,502.5047607,0.0,1.330536962
4/19/2022 11:32:43.260,0.0,0.02609789371,0.0,498.489624,0.0,0.0
4/19/2022 11:32:53.500,0.0,0.03547519445,0.0,496.4257813,0.0,0.0
4/19/2022 11:33:03.740,0.0,-0.01225359738,0.0,497.2133179,0.0,0.0
4/19/2022 11:33:13.980,0.0,0.009179115295,0.0,496.2537231,0.0,0.0
4/19/2022 11:33:24.220,0.0,-0.003108382225,0.0,496.9244385,0.0,0.0
4/19/2022 11:33:34.460,0.0,0.02244189382,0.0,495.985321,0.0,0.0
4/19/2022 11:33:44.700,0.0,-0.02766773105,0.0,493.3604431,0.0,0.1556602716
4/19/2022 11:33:54.940,0.0,0.006133317947,0.0,489.1415405,0.0,0.1556602716
4/19/2022 11:34:05.180,0.0,0.02670288086,0.0,493.3110657,0.0,0.1556602716
4/19/2022 11:34:15.420,0.0,0.01079589128,0.0,493.2608643,0.0,0.0
4/19/2022 11:34:25.660,0.0,0.01919269562,0.0,494.8777466,0.0,0.0
4/19/2022 11:34:35.900,0.0,0.0490821898,0.0,490.4393921,0.0,0.0
4/19/2022 11:34:46.140,0.0,-0.01861900091,0.0,488.3294983,0.0,0.0
4/19/2022 11:34:56.380,0.0,0.04105567932,0.0,490.9593201,0.0,0.0
4/19/2022 11:35:06.620,0.0,0.006607919931,0.0,493.3328247,0.0,0.0
4/19/2022 11:35:16.860,0.0,-0.01187548041,0.0,492.1999512,0.0,0.0
4/19/2022 11:35:27.100,0.0,-0.006766989827,0.0,489.606842,0.0,0.0
4/19/2022 11:35:37.340,0.0,0.02672374249,0.0,490.3305664,0.0,0.0
4/19/2022 11:35:47.580,0.0,0.01009181142,0.0,488.6444702,0.0,0.0
4/19/2022 11:35:57.820,0.0,0.01914575696,0.0,487.7078247,0.0,0.0
4/19/2022 11:36:08.060,0.0,0.01930743456,0.0,484.6790771,0.0,0.0
4/19/2022 11:36:18.300,0.0,0.009622424841,0.0,483.592804,0.0,0.0
4/19/2022 11:36:28.540,0.0,0.01118183136,0.0,484.2093506,0.0,0.0
4/19/2022 11:36:38.780,0.0,-0.009168684483,0.0,482.1581116,0.0,0.0
4/19/2022 11:36:49.020,0.0,0.002472102642,0.0,482.4562073,0.0,0.0
4/19/2022 11:36:59.260,0.0,-0.00733025372,0.0,480.7357788,0.0,0.0
4/19/2022 11:37:09.500,0.0,-0.01860335469,0.0,482.6327515,0.0,0.0
4/19/2022 11:37:19.740,0.0,0.008777529001,0.0,477.7798157,0.0,0.0
4/19/2022 11:37:29.980,0.0,-0.02642124891,0.0,479.7203674,0.0,0.0
4/19/2022 11:37:40.220,0.0,0.006482750177,0.0,478.7759094,0.0,0.0
4/19/2022 11:37:50.460,0.0,0.009997934103,0.0,480.5704041,0.0,0.0
4/19/2022 11:38:00.700,0.0,0.02659857273,0.0,477.2932129,0.0,0.0
4/19/2022 11:38:10.940,0.0,0.0208042562,0.0,475.7850952,0.0,0.0
4/19/2022 11:38:21.180,0.0,0.003723800182,0.0,475.9848633,0.0,0.0
4/19/2022 11:38:31.420,0.0,0.02190992236,0.0,475.785614,0.0,0.0
4/19/2022 11:38:41.660,0.0,-0.01923702657,0.0,475.273407,0.0,0.0
4/19/2022 11:38:51.900,0.0,0.009189546108,0.0,475.6261597,0.0,0.0
4/19/2022 11:39:02.140,0.0,-0.01152865589,0.0,473.2364197,0.0,0.0
4/19/2022 11:39:12.380,0.0,0.003906339407,0.0,471.0296326,0.0,0.0
4/19/2022 11:39:22.620,0.0,-0.003822892904,0.0,469.6696472,0.0,0.0
4/19/2022 11:39:32.860,0.0,0.01128613949,0.0,467.2316895,0.0,0.0
4/19/2022 11:39:43.100,0.0,0.03842711449,0.0,470.121521,0.0,0.0
4/19/2022 11:39:53.340,0.0,0.02026185393,0.0,468.269989,0.0,0.0
4/19/2022 11:40:03.580,0.0,0.01774281263,0.0,465.6529236,0.0,0.0
4/19/2022 11:40:13.820,0.0,0.006102025509,0.0,468.6753845,0.0,0.0
4/19/2022 11:40:24.060,0.0,0.009512901306,0.0,468.8365479,0.0,0.0
4/19/2022 11:40:34.300,0.0,-0.03361590207,0.0,468.231781,0.0,0.0
4/19/2022 11:40:44.540,0.0,0.01028999686,0.0,469.9248962,0.0,0.0
4/19/2022 11:40:54.780,0.0,-0.00964589417,0.0,469.4206543,0.0,0.0
4/19/2022 11:41:05.020,0.0,0.002492964268,0.0,468.9467163,0.0,0.0
4/19/2022 11:41:15.260,0.0,0.004928559065,0.0,464.4623108,0.0,0.0
4/19/2022 11:41:25.500,0.0,0.009053945541,0.0,464.3167419,0.0,0.0
4/19/2022 11:41:35.740,0.0,0.01133307815,0.0,465.9876099,0.0,0.0
4/19/2022 11:41:45.980,0.0,0.02410560846,0.0,467.3405762,0.0,0.0
4/19/2022 11:41:56.220,0.0,-0.009385123849,0.0,462.0857239,0.0,0.0
4/19/2022 11:42:06.460,0.0,0.003739446402,0.0,461.25177,0.0,0.0
4/19/2022 11:42:16.700,0.0,-0.02361796796,0.0,464.7346191,0.0,0.0
4/19/2022 11:42:26.940,0.0,0.01151561737,0.0,463.8473206,0.0,0.0
4/19/2022 11:42:37.180,0.0,0.02562850714,0.0,464.3537292,0.0,0.0
4/19/2022 11:42:47.420,0.0,-0.008542835712,0.0,461.2886658,0.0,0.0
4/19/2022 11:42:57.660,0.0,0.01806095243,0.0,462.8470154,0.0,0.0
4/19/2022 11:43:07.900,0.0,0.004620850086,0.0,461.2568054,0.0,0.0
4/19/2022 11:43:18.140,0.0,0.009627640247,0.0,459.6436768,0.0,0.1635536999
4/19/2022 11:43:28.380,0.0,0.01095235348,0.0,453.94104,0.0,1.724066377
4/19/2022 11:43:38.620,0.0,0.02320855856,0.0,455.0580139,0.0,1.27282536
4/19/2022 11:43:48.860,0.0,0.01859292388,0.0,454.9248962,0.0,1.626349926
4/19/2022 11:43:59.100,0.0,-0.009246915579,0.0,455.7415161,0.0,1.233134151
4/19/2022 11:44:09.340,0.0,0.02437159419,0.0,456.9425354,0.0,0.8251835704
4/19/2022 11:44:19.580,0.0,0.05611255765,0.0,454.4552002,0.0,1.342033744
4/19/2022 11:44:29.820,0.0,-0.02028532326,0.0,449.4647522,0.0,1.866826534
4/19/2022 11:44:40.060,0.0,0.002143532038,0.0,451.4127502,0.0,0.0
4/19/2022 11:44:50.300,0.0,0.007724016905,0.0,454.4281616,0.0,0.0
4/19/2022 11:45:00.540,0.0,0.01228749752,0.0,454.5805664,0.0,0.0
4/19/2022 11:45:10.780,0.0,0.02230629325,0.0,455.8105774,0.0,0.0
4/19/2022 11:45:21.020,0.0,0.00266507268,0.0,453.225647,0.0,0.0
4/19/2022 11:45:31.260,0.0,0.00761449337,0.0,448.9815674,0.0,0.0
4/19/2022 11:45:41.500,0.0,0.02699494362,0.0,448.9003601,0.0,0.0
4/19/2022 11:45:51.740,0.0,-0.004563480616,0.0,445.5513916,0.0,0.0
4/19/2022 11:46:01.980,0.0,-0.00964589417,0.0,447.7669678,0.0,0.0
4/19/2022 11:46:12.220,0.0,0.004761666059,0.0,449.8286133,0.0,0.0
4/19/2022 11:46:22.460,0.0,-0.02098679543,0.0,449.023468,0.0,0.0
4/19/2022 11:46:32.700,0.0,0.0109732151,0.0,446.8989563,0.0,0.0
4/19/2022 11:46:42.940,0.0,0.007228553295,0.0,445.5858154,0.0,0.0
4/19/2022 11:46:53.180,0.0,-0.01157820225,0.0,443.6654358,0.0,0.0
4/19/2022 11:47:03.420,0.0,0.003864616156,0.0,444.5137634,0.0,0.0
4/19/2022 11:47:13.660,0.0,0.006863474846,0.0,447.1917419,0.0,0.0
4/19/2022 11:47:23.900,0.0,0.01192241907,0.0,449.5359192,0.0,0.0
4/19/2022 11:47:34.140,0.0,-0.0221837312,0.0,444.4065552,0.0,0.0
4/19/2022 11:47:44.380,0.0,0.003593415022,0.0,442.9016724,0.0,0.0
4/19/2022 11:47:54.620,0.0,-0.00824034214,0.0,444.6965027,0.0,0.0
4/19/2022 11:48:04.860,0.0,0.02623870969,0.0,442.7773132,0.0,0.0
4/19/2022 11:48:15.100,0.0,0.009992718697,0.0,443.4335938,0.0,0.0
4/19/2022 11:48:25.340,0.0,0.005710870028,0.0,444.0613403,0.0,0.0
4/19/2022 11:48:35.580,0.0,-0.0108923763,0.0,441.0971985,0.0,0.0
4/19/2022 11:48:45.820,0.0,0.009246915579,0.0,442.8294983,0.0,0.0
4/19/2022 11:48:56.060,0.0,-0.01897364855,0.0,440.8813171,0.0,0.0
4/19/2022 11:49:06.300,0.0,0.02057999372,0.0,439.4777222,0.0,0.0
4/19/2022 11:49:16.540,0.0,0.00364035368,0.0,439.0653076,0.0,0.0
4/19/2022 11:49:26.780,0.0,-0.00594817102,0.0,438.1434021,0.0,0.0
4/19/2022 11:49:37.020,0.0,-0.00293366611,0.0,438.0320129,0.0,0.9549335837
4/19/2022 11:49:47.260,0.0,0.03437995911,0.0,439.0402832,0.0,1.289530277
4/19/2022 11:49:57.500,0.0,0.03423392773,0.0,435.9931641,0.0,1.863181472
4/19/2022 11:50:07.740,0.0,0.01059770584,0.0,434.358551,0.0,1.794664621
4/19/2022 11:50:17.980,0.0,0.009278208017,0.0,434.3291931,0.0,1.611585021
4/19/2022 11:50:28.220,0.0,0.0172317028,0.0,433.7926025,0.0,0.8207414746
4/19/2022 11:50:38.460,0.0,0.006858259439,0.0,434.3786011,0.0,1.267615795
4/19/2022 11:50:48.700,0.0,-0.01851990819,0.0,433.2390137,0.0,0.0
4/19/2022 11:50:58.940,0.0,0.022431463,0.0,431.3694763,0.0,0.0
4/19/2022 11:51:09.180,0.0,0.032992661,0.0,430.848877,0.0,0.0
4/19/2022 11:51:19.420,0.0,0.03970488906,0.0,434.7997131,0.0,0.0
4/19/2022 11:51:29.660,0.0,-0.003194436431,0.0,431.5922241,0.0,1.050880075
4/19/2022 11:51:39.900,0.0,0.005408376455,0.0,429.3243713,0.0,1.730368853
4/19/2022 11:51:50.140,0.0,0.003671646118,0.0,430.1150818,0.0,1.248497486
4/19/2022 11:52:00.380,0.0,0.009726732969,0.0,427.1786194,0.0,0.8234798312
4/19/2022 11:52:10.620,0.0,0.02447590232,0.0,426.474884,0.0,0.0
4/19/2022 11:52:20.860,0.0,0.01935437322,0.0,426.5279236,0.0,0.0
4/19/2022 11:52:31.100,0.0,0.03428086638,0.0,428.2735901,0.0,0.2078656703
4/19/2022 11:52:41.340,0.0,0.01142174006,0.0,432.1462402,0.0,0.0
4/19/2022 11:52:51.580,0.0,0.00923126936,0.0,429.364624,0.0,0.0
4/19/2022 11:53:01.820,0.0,0.01865029335,0.0,425.64505,0.0,0.0
4/19/2022 11:53:12.060,0.0,0.005319714546,0.0,426.3794556,0.0,1.034291267
4/19/2022 11:53:22.300,0.0,0.01149997115,0.0,426.2922974,0.0,1.655343413
4/19/2022 11:53:32.540,0.0,0.02471581101,0.0,427.6121521,0.0,0.8403266668
4/19/2022 11:53:42.780,0.0,0.03424435854,0.0,429.6253052,0.0,1.805345416
4/19/2022 11:53:53.020,0.0,0.005382299423,0.0,424.2037659,0.0,0.8541181684
4/19/2022 11:54:03.260,0.0,0.01005008817,0.0,422.934967,0.0,0.0
4/19/2022 11:54:13.500,0.0,0.01103058457,0.0,423.6217957,0.0,0.0
4/19/2022 11:54:23.740,0.0,0.003854185343,0.0,420.6899719,0.0,0.0
4/19/2022 11:54:33.980,0.0,0.02014711499,0.0,420.310791,0.0,0.0
4/19/2022 11:54:44.220,0.0,0.02591013908,0.0,419.8186646,0.0,0.0
4/19/2022 11:54:54.460,0.0,0.01020655036,0.0,422.0137024,0.0,0.0
4/19/2022 11:55:04.700,0.0,0.02012103796,0.0,422.7415771,0.0,0.0
4/19/2022 11:55:14.940,0.0,-0.02624131739,0.0,422.8899231,0.0,0.0
4/19/2022 11:55:25.180,0.0,0.0101543963,0.0,420.1278687,0.0,0.0
4/19/2022 11:55:35.420,0.0,0.01127570868,0.0,419.2966003,0.0,0.0
4/19/2022 11:55:45.660,0.0,0.02011060715,0.0,422.1362915,0.0,0.0
4/19/2022 11:55:55.900,0.0,-0.009627640247,0.0,422.8356323,0.0,0.0
4/19/2022 11:56:06.140,0.0,-0.007750093937,0.0,419.3720703,0.0,0.0
4/19/2022 11:56:16.380,0.0,0.027140975,0.0,419.9773865,0.0,0.0
4/19/2022 11:56:26.620,0.0,0.009695440531,0.0,422.2212524,0.0,0.0
4/19/2022 11:56:36.860,0.0,0.006018579006,0.0,418.5464478,0.0,0.0
4/19/2022 11:56:47.100,0.0,0.003582984209,0.0,415.9753113,0.0,0.0
4/19/2022 11:56:57.340,0.0,0.00531449914,0.0,414.5696411,0.0,0.0
4/19/2022 11:57:07.580,0.0,-0.004154071212,0.0,413.6380005,0.0,0.0
4/19/2022 11:57:17.820,0.0,0.01163035631,0.0,416.594574,0.0,0.0
4/19/2022 11:57:28.060,0.0,0.02328157425,0.0,416.0763245,0.0,0.0
4/19/2022 11:57:38.300,0.0,0.003316998482,0.0,413.3457642,0.0,0.0
4/19/2022 11:57:48.540,0.0,-0.01070201397,0.0,414.4582825,0.0,0.0
4/19/2022 11:57:52.380,0.0,-0.008965283632,0.0,413.3312073,0.0,0.0
4/19/2022 11:57:53.660,0.0,0.008381158113,0.0,413.9401855,0.0,0.0
4/19/2022 11:57:54.940,0.0,0.01070201397,0.0,413.7499695,0.0,0.0
4/19/2022 11:57:56.220,0.0,0.02702102065,0.0,413.3170776,0.0,0.0
4/19/2022 11:57:57.500,0.0,-0.003301352262,0.0,413.1246033,0.0,0.0
4/19/2022 11:57:58.780,0.0,-0.02076253295,0.0,412.2106018,0.0,0.0
4/19/2022 11:58:00.060,0.0,0.005919486284,0.0,412.4658508,0.0,0.0
4/19/2022 11:58:01.340,0.0,-0.02571977675,0.0,413.1335144,0.0,0.0
4/19/2022 11:58:02.620,0.0,-0.02619177103,0.0,412.962677,0.0,0.0
4/19/2022 11:58:03.900,0.0,-0.0103186816,0.0,413.1150818,0.0,0.0
4/19/2022 11:58:05.180,0.0,0.006503611803,0.0,412.0818176,0.0,0.0
4/19/2022 11:58:06.460,0.0,0.008970499039,0.0,411.9528198,0.0,0.0
4/19/2022 11:58:07.740,0.0,0.04085227847,0.0,412.1949463,0.0,0.0
4/19/2022 11:58:09.020,0.0,-0.003799423575,0.0,411.8534851,0.0,0.0
4/19/2022 11:58:10.300,0.0,-0.01989677548,0.0,411.5093384,0.0,0.0
4/19/2022 11:58:11.580,0.0,0.007703155279,0.0,411.4849548,0.0,0.0
4/19/2022 11:58:12.860,0.0,0.005194544792,0.0,410.9718323,0.0,0.0
4/19/2022 11:58:14.140,0.0,0.01951605082,0.0,410.8677063,0.0,0.0
4/19/2022 11:58:15.420,0.0,-0.01057684422,0.0,411.3913879,0.0,0.0
4/19/2022 11:58:16.700,0.0,0.02028793097,0.0,412.4097595,0.0,0.0
4/19/2022 11:58:17.980,0.0,0.02164915204,0.0,413.8862,0.0,0.0
4/19/2022 11:58:19.260,0.0,0.008960068226,0.0,414.3178711,0.0,0.0
4/19/2022 11:58:20.540,0.0,0.01115053892,0.0,415.0661926,0.0,0.0
4/19/2022 11:58:21.820,0.0,0.02630650997,0.0,414.8682251,0.0,0.0
4/19/2022 11:58:23.100,0.0,-0.02026185393,0.0,414.4534607,0.0,0.0
4/19/2022 11:58:24.380,0.0,-0.00816732645,0.0,413.461731,0.0,0.0
4/19/2022 11:58:25.660,0.0,0.005481392145,0.0,413.0490112,0.0,0.0
4/19/2022 11:58:26.940,0.0,-0.01165121794,0.0,412.5971375,0.0,0.0
4/19/2022 11:58:28.220,0.0,0.01822784543,0.0,412.3966675,0.0,0.0
4/19/2022 11:58:29.500,0.0,0.02006366849,0.0,412.0188293,0.0,0.0
4/19/2022 11:58:30.780,0.0,0.02310425043,0.0,411.6742859,0.0,0.0
4/19/2022 11:58:32.060,0.0,0.02529472113,0.0,411.8643799,0.0,0.0
4/19/2022 11:58:33.340,0.0,0.02680197358,0.0,412.4874878,0.0,0.0
4/19/2022 11:58:34.620,0.0,0.01104101539,0.0,412.6834717,0.0,0.0
4/19/2022 11:58:35.900,0.0,0.0247053802,0.0,413.0582886,0.0,0.0
4/19/2022 11:58:37.180,0.0,0.02262443304,0.0,412.5271606,0.0,0.0
4/19/2022 11:58:38.460,0.0,-0.02381876111,0.0,411.4128113,0.0,0.0
4/19/2022 11:58:39.740,0.0,0.003942847252,0.0,411.092926,0.0,0.0
4/19/2022 11:58:41.020,0.0,0.01908838749,0.0,410.4184875,0.0,0.0
4/19/2022 11:58:42.300,0.0,0.00663921237,0.0,409.9039307,0.0,0.0
4/19/2022 11:58:43.580,0.0,0.008099526167,0.0,410.9973755,0.0,0.0
4/19/2022 11:58:44.860,0.0,0.01026391983,0.0,411.3453674,0.0,0.0
4/19/2022 11:58:46.140,0.0,-0.01804791391,0.0,410.7397156,0.0,0.0
4/19/2022 11:58:47.420,0.0,0.02692192793,0.0,410.7906494,0.0,0.0
4/19/2022 11:58:48.700,0.0,-0.01991763711,0.0,410.6933289,0.0,0.0
4/19/2022 11:58:49.980,0.0,0.02200901508,0.0,410.1932678,0.0,0.0
4/19/2022 11:58:51.260,0.0,0.01916661859,0.0,409.5599365,0.0,0.0
4/19/2022 11:58:52.540,0.0,-0.01197718084,0.0,408.9360657,0.0,0.0
4/19/2022 11:58:53.820,0.0,-0.04137642682,0.0,408.7066956,0.0,0.0
4/19/2022 11:58:55.100,0.0,-0.00971890986,0.0,408.3953857,0.0,0.0
4/19/2022 11:58:56.380,0.0,0.02346411347,0.0,408.8123779,0.0,0.0
4/19/2022 11:58:57.660,0.0,0.01071244478,0.0,408.8282471,0.0,0.0
4/19/2022 11:58:58.940,0.0,0.04086792469,0.0,408.5014038,0.0,0.0
4/19/2022 11:59:00.220,0.0,-0.003992393613,0.0,409.1034241,0.0,0.0
4/19/2022 11:59:01.500,0.0,0.03899037838,0.0,408.2672424,0.0,0.0
4/19/2022 11:59:02.780,0.0,-0.008031725883,0.0,408.48703,0.0,0.0
4/19/2022 11:59:04.060,0.0,-0.01066289842,0.0,408.3522339,0.0,0.0
4/19/2022 11:59:05.340,0.0,-0.0268150121,0.0,408.7015686,0.0,0.0
4/19/2022 11:59:06.620,0.0,0.01919269562,0.0,409.038208,0.0,0.0
4/19/2022 11:59:07.900,0.0,0.006128102541,0.0,409.7274475,0.0,0.0
4/19/2022 11:59:09.180,0.0,0.007729232311,0.0,409.7601013,0.0,0.0
4/19/2022 11:59:10.460,0.0,0.01008659601,0.0,409.5038147,0.0,0.0
4/19/2022 11:59:11.740,0.0,0.01105666161,0.0,409.3198547,0.0,0.0
4/19/2022 11:59:13.020,0.0,0.02573803067,0.0,408.8745117,0.0,0.0
4/19/2022 11:59:14.300,0.0,0.02417862415,0.0,408.3084106,0.0,0.0
4/19/2022 11:59:15.580,0.0,0.02204552293,0.0,408.6809692,0.0,0.0
4/19/2022 11:59:16.860,0.0,-0.01050382853,0.0,408.6592102,0.0,0.0
4/19/2022 11:59:18.140,0.0,0.002915412188,0.0,408.8698425,0.0,0.0
4/19/2022 11:59:19.420,0.0,0.003327429295,0.0,408.4299927,0.0,0.0
4/19/2022 11:59:20.700,0.0,-0.0103995204,0.0,408.4561768,0.0,0.0
4/19/2022 11:59:21.980,0.0,0.03747791052,0.0,408.9654236,0.0,0.0
4/19/2022 11:59:23.260,0.0,-0.0194195658,0.0,408.9709778,0.0,0.0
4/19/2022 11:59:24.540,0.0,0.01190155745,0.0,408.7619019,0.0,0.0
4/19/2022 11:59:25.820,0.0,0.01168772578,0.0,408.3968506,0.0,0.0
4/19/2022 11:59:27.100,0.0,-0.005507469177,0.0,409.8259277,0.0,0.0
4/19/2022 11:59:28.380,0.0,0.00706166029,0.0,410.2816467,0.0,0.0
4/19/2022 11:59:29.660,0.0,0.01984983683,0.0,410.3129578,0.0,0.0
4/19/2022 11:59:30.940,0.0,0.003609061241,0.0,410.0570068,0.0,0.0
4/19/2022 11:59:32.220,0.0,-0.01074112952,0.0,410.4249878,0.0,0.0
4/19/2022 11:59:33.500,0.0,0.02035051584,0.0,410.4975891,0.0,0.0
4/19/2022 11:59:34.780,0.0,0.02238973975,0.0,411.2250671,0.0,0.0
4/19/2022 11:59:36.060,0.0,0.0397413969,0.0,411.9911499,0.0,0.0
4/19/2022 11:59:37.340,0.0,0.04156678915,0.0,411.9902344,0.0,0.0
4/19/2022 11:59:38.620,0.0,0.02585276961,0.0,411.7580872,0.0,0.0
4/19/2022 11:59:39.900,0.0,0.03943890333,0.0,411.0657959,0.0,0.0
4/19/2022 11:59:41.180,0.0,-0.008115172386,0.0,411.2145081,0.0,0.0
4/19/2022 11:59:42.460,0.0,-0.0106446445,0.0,411.0390015,0.0,0.0
4/19/2022 11:59:43.740,0.0,0.002367794514,0.0,411.088623,0.0,0.0
4/19/2022 11:59:45.020,0.0,0.01829564571,0.0,411.9109802,0.0,0.0
4/19/2022 11:59:46.300,0.0,0.005601346493,0.0,411.462738,0.0,0.0
4/19/2022 11:59:47.580,0.0,0.02266615629,0.0,410.5704346,0.0,0.0
4/19/2022 11:59:48.860,0.0,0.00984147191,0.0,409.5931702,0.0,0.0
4/19/2022 11:59:50.140,0.0,0.010728091,0.0,408.9364014,0.0,0.0
4/19/2022 11:59:51.420,0.0,0.01057162881,0.0,408.9905701,0.0,0.0
4/19/2022 11:59:52.700,0.0,0.02437159419,0.0,408.6061707,0.0,0.0
4/19/2022 11:59:53.980,0.0,0.02247318625,0.0,408.7852783,0.0,0.0
4/19/2022 11:59:55.260,0.0,0.02069473267,0.0,408.796051,0.0,0.0
4/19/2022 11:59:56.540,0.0,0.0188536942,0.0,408.470459,0.0,0.0
4/19/2022 11:59:57.820,0.0,0.004245340824,0.0,408.4364014,0.0,0.0
4/19/2022 11:59:59.100,0.0,0.01974031329,0.0,408.3628235,0.0,0.0
4/19/2022 12:00:00.380,0.0,-0.007943063974,0.0,408.143158,0.0,0.0
4/19/2022 12:00:01.660,0.0,0.03909468651,0.0,407.4743958,0.0,0.0
4/19/2022 12:00:02.940,0.0,0.02570152283,0.0,407.1398621,0.0,0.0
4/19/2022 12:00:04.220,0.0,0.01069679856,0.0,407.3683777,0.0,0.0
4/19/2022 12:00:05.500,0.0,0.009685009718,0.0,408.4219971,0.0,0.0
4/19/2022 12:00:06.780,0.0,0.03687813878,0.0,409.5292969,0.0,0.0
4/19/2022 12:00:08.060,0.0,0.01865550876,0.0,410.1102295,0.0,0.0
4/19/2022 12:00:09.340,0.0,-0.02769120038,0.0,410.6605225,0.0,0.0
4/19/2022 12:00:10.620,0.0,0.00342130661,0.0,410.8141785,0.0,0.0
4/19/2022 12:00:11.900,0.0,0.02061650157,0.0,411.4685669,0.0,0.0
4/19/2022 12:00:13.180,0.0,0.007421523333,0.0,411.4324646,0.0,0.0
4/19/2022 12:00:14.460,0.0,0.01079589128,0.0,410.9992065,0.0,0.0
4/19/2022 12:00:15.740,0.0,-0.01837387681,0.0,411.045929,0.0,0.0
4/19/2022 12:00:17.020,0.0,0.0108063221,0.0,410.8715515,0.0,0.0
4/19/2022 12:00:18.300,0.0,0.02435594797,0.0,410.5577698,0.0,0.0
4/19/2022 12:00:19.580,0.0,-0.02252012491,0.0,409.6413574,0.0,0.0
4/19/2022 12:00:20.860,0.0,-0.00922344625,0.0,409.6404114,0.0,0.0
4/19/2022 12:00:22.140,0.0,0.01851990819,0.0,410.191864,0.0,0.0
4/19/2022 12:00:23.420,0.0,0.004068017006,0.0,409.7996521,0.0,0.0
4/19/2022 12:00:24.700,0.0,-0.02372227609,0.0,409.7982483,0.0,0.0
4/19/2022 12:00:25.980,0.0,-0.006688758731,0.0,409.8831177,0.0,0.0
4/19/2022 12:00:27.260,0.0,-0.003507360816,0.0,409.5785828,0.0,0.0
4/19/2022 12:00:28.540,0.0,0.01206323504,0.0,409.3647461,0.0,0.0
4/19/2022 12:00:29.820,0.0,0.01192763448,0.0,409.0615845,0.0,0.0
4/19/2022 12:00:31.100,0.0,0.02489835024,0.0,409.0688782,0.0,0.0
4/19/2022 12:00:32.380,0.0,0.007223337889,0.0,408.2744141,0.0,0.0
4/19/2022 12:00:33.660,0.0,0.0353500247,0.0,407.0545044,0.0,0.0
4/19/2022 12:00:34.940,0.0,-0.01132003963,0.0,406.9186401,0.0,0.0
4/19/2022 12:00:36.220,0.0,-0.02586580813,0.0,406.9691772,0.0,0.0
4/19/2022 12:00:37.500,0.0,-0.02400912344,0.0,407.3327026,0.0,0.0
4/19/2022 12:00:38.780,0.0,0.007729232311,0.0,408.3585205,0.0,0.0
4/19/2022 12:00:40.060,0.0,-0.005126744509,0.0,409.2749023,0.0,0.0
4/19/2022 12:00:41.340,0.0,0.01102015376,0.0,409.0699158,0.0,0.0
4/19/2022 12:00:42.620,0.0,0.01127570868,0.0,409.2322693,0.0,0.0
4/19/2022 12:00:43.900,0.0,-0.003267452121,0.0,409.2670898,0.0,0.0
4/19/2022 12:00:45.180,0.0,-0.005593523383,0.0,409.3725281,0.0,0.0
4/19/2022 12:00:46.460,0.0,0.03614276648,0.0,410.0443115,0.0,0.0
4/19/2022 12:00:47.740,0.0,-0.01036301255,0.0,410.0872498,0.0,0.0
4/19/2022 12:00:49.020,0.0,0.01931786537,0.0,410.9223022,0.0,0.0
4/19/2022 12:00:50.300,0.0,0.03610625863,0.0,411.385376,0.0,0.0
4/19/2022 12:00:51.580,0.0,0.02308860421,0.0,412.1253662,0.0,0.0
4/19/2022 12:00:52.860,0.0,0.02572759986,0.0,412.0685425,0.0,0.0
4/19/2022 12:00:54.140,0.0,0.02659857273,0.0,411.5210876,0.0,0.0
4/19/2022 12:00:55.420,0.0,0.01130700111,0.0,410.8214722,0.0,0.0
4/19/2022 12:00:56.700,0.0,0.009267777205,0.0,410.2922668,0.0,0.0
4/19/2022 12:00:57.980,0.0,0.007092952728,0.0,411.1466675,0.0,0.0
4/19/2022 12:00:59.260,0.0,0.005288422108,0.0,410.9372559,0.0,0.0
4/19/2022 12:01:00.540,0.0,0.003582984209,0.0,409.9591064,0.0,0.0
4/19/2022 12:01:01.820,0.0,-0.02661161125,0.0,409.3009033,0.0,0.0
4/19/2022 12:01:03.100,0.0,0.004594773054,0.0,409.0058899,0.0,0.0
4/19/2022 12:01:04.380,0.0,0.006806105375,0.0,408.6168823,0.0,0.0
4/19/2022 12:01:05.660,0.0,0.009768456221,0.0,408.2443848,0.0,0.0
4/19/2022 12:01:06.940,0.0,0.0107228756,0.0,408.210907,0.0,0.0
4/19/2022 12:01:08.220,0.0,0.01100450754,0.0,408.3361816,0.0,0.0
4/19/2022 12:01:09.500,0.0,-0.00419318676,0.0,407.7790222,0.0,0.0
4/19/2022 12:01:10.780,0.0,0.008568912745,0.0,407.5092773,0.0,0.0
4/19/2022 12:01:12.060,0.0,0.02060607076,0.0,407.6633301,0.0,0.0
4/19/2022 12:01:13.340,0.0,-0.02611093223,0.0,406.8912354,0.0,0.0
4/19/2022 12:01:14.620,0.0,0.003056228161,0.0,406.2342834,0.0,0.0
4/19/2022 12:01:15.900,0.0,0.004438310862,0.0,406.0282593,0.0,0.0
4/19/2022 12:01:17.180,0.0,0.02231672406,0.0,405.2764893,0.0,0.0
4/19/2022 12:01:18.460,0.0,0.00936165452,0.0,404.718689,0.0,0.0
4/19/2022 12:01:19.740,0.0,0.02620220184,0.0,404.8914185,0.0,0.0
4/19/2022 12:01:21.020,0.0,0.02638995647,0.0,406.1037903,0.0,0.0
4/19/2022 12:01:22.300,0.0,-0.004391372204,0.0,406.5339355,0.0,0.0
4/19/2022 12:01:23.580,0.0,0.02361536026,0.0,406.4915466,0.0,0.0
4/19/2022 12:01:24.860,0.0,-0.00816732645,0.0,406.2909851,0.0,0.0
4/19/2022 12:01:26.140,0.0,-0.02535991371,0.0,405.5957642,0.0,0.0
4/19/2022 12:01:27.420,0.0,-0.01179203391,0.0,405.1218567,0.0,0.0
4/19/2022 12:01:28.700,0.0,0.004073232412,0.0,404.6081848,0.0,0.0
4/19/2022 12:01:29.980,0.0,0.02112239599,0.0,404.1065674,0.0,0.0
4/19/2022 12:01:31.260,0.0,0.02439245582,0.0,404.3063354,0.0,0.0
4/19/2022 12:01:32.540,0.0,-0.003390014172,0.0,404.9161377,0.0,0.0
4/19/2022 12:01:33.820,0.0,-0.01772195101,0.0,405.7653198,0.0,0.0
4/19/2022 12:01:35.100,0.0,-0.003030151129,0.0,406.2699585,0.0,0.0
4/19/2022 12:01:36.380,0.0,-0.02061128616,0.0,407.3018799,0.0,0.0
4/19/2022 12:01:37.660,0.0,0.006936490536,0.0,406.0224304,0.0,0.0
4/19/2022 12:01:38.940,0.0,-0.009932741523,0.0,405.2651062,0.0,0.0
4/19/2022 12:01:40.220,0.0,-0.0120293349,0.0,404.6392822,0.0,0.0
4/19/2022 12:01:41.500,0.0,-0.01123659313,0.0,404.1583252,0.0,0.0
4/19/2022 12:01:42.780,0.0,-0.008970499039,0.0,404.4134521,0.0,0.0
4/19/2022 12:01:44.060,0.0,0.03821849823,0.0,405.3509216,0.0,0.0
4/19/2022 12:01:45.340,0.0,0.01095756888,0.0,405.2533264,0.0,0.0
4/19/2022 12:01:46.620,0.0,0.01184418797,0.0,404.7375183,0.0,0.0
4/19/2022 12:01:47.900,0.0,0.01184940338,0.0,405.2078552,0.0,0.0
4/19/2022 12:01:49.180,0.0,0.009512901306,0.0,405.400116,0.0,0.0
4/19/2022 12:01:50.460,0.0,0.006889551878,0.0,405.679657,0.0,0.0
4/19/2022 12:01:51.740,0.0,-0.01087673008,0.0,405.3302002,0.0,0.0
4/19/2022 12:01:53.020,0.0,-0.02701058984,0.0,405.1262207,0.0,0.0
4/19/2022 12:01:54.300,0.0,0.003108382225,0.0,405.3612976,0.0,0.0
4/19/2022 12:01:55.580,0.0,0.004490464926,0.0,405.1057129,0.0,0.0
4/19/2022 12:01:56.860,0.0,0.006409734488,0.0,404.3338318,0.0,0.0
4/19/2022 12:01:58.140,0.0,-0.005661323667,0.0,404.2518005,0.0,0.0
4/19/2022 12:01:59.420,0.0,-0.01886151731,0.0,404.9836121,0.0,0.0
4/19/2022 12:02:00.700,0.0,-0.004013255239,0.0,404.568512,0.0,0.0
4/19/2022 12:02:01.980,0.0,0.009502470493,0.0,404.1936951,0.0,0.0
4/19/2022 12:02:03.260,0.0,0.007828325033,0.0,404.0082397,0.0,0.0
4/19/2022 12:02:04.540,0.0,-0.009471178055,0.0,403.5233459,0.0,0.0
4/19/2022 12:02:05.820,0.0,0.003723800182,0.0,403.6958008,0.0,0.0
4/19/2022 12:02:07.100,0.0,0.003024935722,0.0,404.7918091,0.0,0.0
4/19/2022 12:02:08.380,0.0,0.01848861575,0.0,404.5115662,0.0,0.0
4/19/2022 12:02:09.660,0.0,0.01946389675,0.0,404.323822,0.0,0.0
4/19/2022 12:02:10.940,0.0,0.00726506114,0.0,403.5913086,0.0,0.0
4/19/2022 12:02:12.220,0.0,0.02526864409,0.0,403.2181091,0.0,0.0
4/19/2022 12:02:13.500,0.0,-0.00377856195,0.0,403.2812195,0.0,0.0
4/19/2022 12:02:14.780,0.0,0.01048818231,0.0,403.100708,0.0,0.0
4/19/2022 12:02:16.060,0.0,0.007583200932,0.0,403.7883301,0.0,0.0
4/19/2022 12:02:17.340,0.0,-0.009651109576,0.0,404.3065491,0.0,0.0
4/19/2022 12:02:18.620,0.0,0.01793578267,0.0,404.8299561,0.0,0.0
4/19/2022 12:02:19.900,0.0,-0.02759993076,0.0,405.0040894,0.0,0.0
4/19/2022 12:02:21.180,0.0,0.00432357192,0.0,404.6086121,0.0,0.0
4/19/2022 12:02:22.460,0.0,-0.00851675868,0.0,404.5568542,0.0,0.0
4/19/2022 12:02:23.740,0.0,0.008694082499,0.0,404.5746765,0.0,0.0
4/19/2022 12:02:25.020,0.0,0.0102430582,0.0,404.173584,0.0,0.0
4/19/2022 12:02:26.300,0.0,0.01098886132,0.0,403.4914246,0.0,0.0
4/19/2022 12:02:27.580,0.0,0.02554506063,0.0,402.9213257,0.0,0.0
4/19/2022 12:02:28.860,0.0,0.008876621723,0.0,403.8479309,0.0,0.0
4/19/2022 12:02:30.140,0.0,0.006294995546,0.0,404.177063,0.0,0.0
4/19/2022 12:02:31.420,0.0,-0.02540424466,0.0,404.1833191,0.0,0.0
4/19/2022 12:02:32.700,0.0,0.003452599049,0.0,403.6612244,0.0,0.0
4/19/2022 12:02:33.980,0.0,-0.01065246761,0.0,403.1862793,0.0,0.0
4/19/2022 12:02:35.260,0.0,0.005872547626,0.0,402.2454834,0.0,0.0
4/19/2022 12:02:36.540,0.0,0.03796294332,0.0,401.277771,0.0,0.0
4/19/2022 12:02:37.820,0.0,0.0104829669,0.0,400.3507385,0.0,0.0
4/19/2022 12:02:39.100,0.0,0.02669245005,0.0,399.4430847,0.0,0.0
4/19/2022 12:02:40.380,0.0,0.01089498401,0.0,398.943512,0.0,0.0
4/19/2022 12:02:41.660,0.0,-0.02076774836,0.0,399.5995178,0.0,0.0
4/19/2022 12:02:42.940,0.0,0.006800889969,0.0,399.0559082,0.0,0.0
4/19/2022 12:02:44.220,0.0,0.004589557648,0.0,398.4389038,0.0,0.0
4/19/2022 12:02:45.500,0.0,0.003097951412,0.0,398.0446167,0.0,0.0
4/19/2022 12:02:46.780,0.0,0.002685934305,0.0,397.5889893,0.0,0.0
4/19/2022 12:02:48.060,0.0,0.004292279482,0.0,397.3235168,0.0,0.0
4/19/2022 12:02:49.340,0.0,0.0220194459,0.0,396.7321777,0.0,0.0
4/19/2022 12:02:50.620,0.0,0.009778887033,0.0,396.346344,0.0,0.0
4/19/2022 12:02:51.900,0.0,-0.01851990819,0.0,396.0428467,0.0,0.0
4/19/2022 12:02:53.180,0.0,0.01350268722,0.0,395.7197266,0.0,0.0
4/19/2022 12:02:54.460,0.0,-0.01822784543,0.0,395.1682434,0.0,0.0
4/19/2022 12:02:55.740,0.0,-0.005851686001,0.0,395.0096436,0.0,0.0
4/19/2022 12:02:57.020,0.0,0.006185472012,0.0,395.2569885,0.0,0.0
4/19/2022 12:02:58.300,0.0,0.004412233829,0.0,394.9296875,0.0,0.0
4/19/2022 12:02:59.580,0.0,0.01891627908,0.0,395.4761963,0.0,0.0
4/19/2022 12:03:00.860,0.0,0.005184113979,0.0,395.0494995,0.0,0.0
4/19/2022 12:03:02.140,0.0,0.007911771536,0.0,394.9369202,0.0,0.0
4/19/2022 12:03:03.420,0.0,0.02484098077,0.0,394.6779175,0.0,0.0
4/19/2022 12:03:04.700,0.0,-0.004177540541,0.0,394.6640015,0.0,0.0
4/19/2022 12:03:05.980,0.0,0.01123398542,0.0,394.8669434,0.0,0.0
4/19/2022 12:03:07.260,0.0,0.02516955137,0.0,397.009613,0.0,0.0
4/19/2022 12:03:08.540,0.0,0.02318769693,0.0,396.8778992,0.0,0.0
4/19/2022 12:03:09.820,0.0,-0.009106099606,0.0,396.2290649,0.0,0.0
4/19/2022 12:03:11.100,0.0,-0.009909272194,0.0,396.2323303,0.0,0.0
4/19/2022 12:03:12.380,0.0,0.01986548305,0.0,395.5607605,0.0,0.0
4/19/2022 12:03:13.660,0.0,0.0207260251,0.0,395.1280823,0.0,0.0
4/19/2022 12:03:14.940,0.0,0.006972998381,0.0,394.8298035,0.0,0.0
4/19/2022 12:03:16.220,0.0,0.02359449863,0.0,395.3482361,0.0,0.0
4/19/2022 12:03:17.500,0.0,0.04027336836,0.0,395.5595703,0.0,0.0
4/19/2022 12:03:18.780,0.0,0.0412799418,0.0,396.5101624,0.0,0.0
4/19/2022 12:03:20.060,0.0,0.01038387418,0.0,396.9467773,0.0,0.0
4/19/2022 12:03:21.340,0.0,0.03865659237,0.0,396.5978394,0.0,0.0
4/19/2022 12:03:22.620,0.0,-0.008154287934,0.0,396.1430054,0.0,0.0
4/19/2022 12:03:23.900,0.0,0.004198402166,0.0,396.2380676,0.0,0.0
4/19/2022 12:03:25.180,0.0,-0.01126267016,0.0,396.0800476,0.0,0.0
4/19/2022 12:03:26.460,0.0,0.003447383642,0.0,395.7469177,0.0,0.0
4/19/2022 12:03:27.740,0.0,0.005669146776,0.0,395.8467712,0.0,0.0
4/19/2022 12:03:29.020,0.0,0.007640570402,0.0,395.1253967,0.0,0.0
4/19/2022 12:03:30.300,0.0,-0.005074590445,0.0,395.7068176,0.0,0.0
4/19/2022 12:03:31.580,0.0,0.01111924648,0.0,395.6658325,0.0,0.0
4/19/2022 12:03:32.860,0.0,0.0102378428,0.0,395.945282,0.0,0.0
4/19/2022 12:03:34.140,0.0,0.00921562314,0.0,396.0580139,0.0,0.0
4/19/2022 12:03:35.420,0.0,0.008083879948,0.0,395.6041565,0.0,0.0
4/19/2022 12:03:36.700,0.0,0.02149790525,0.0,395.0730896,0.0,0.0
4/19/2022 12:03:37.980,0.0,-0.01042559743,0.0,394.7826538,0.0,0.0
4/19/2022 12:03:39.260,0.0,-0.02586320043,0.0,394.5127869,0.0,0.0
4/19/2022 12:03:40.540,0.0,0.005570054054,0.0,394.4685059,0.0,0.0
4/19/2022 12:03:41.820,0.0,0.007577985525,0.0,394.4551697,0.0,0.0
4/19/2022 12:03:43.100,0.0,0.01048818231,0.0,394.7569885,0.0,0.0
4/19/2022 12:03:44.380,0.0,0.02641603351,0.0,395.2702332,0.0,0.0
4/19/2022 12:03:45.660,0.0,0.02612397075,0.0,395.3179321,0.0,0.0
4/19/2022 12:03:46.940,0.0,0.03895908594,0.0,395.1070862,0.0,0.0
4/19/2022 12:03:48.220,0.0,-0.007244199514,0.0,394.9650269,0.0,0.0
4/19/2022 12:03:49.500,0.0,0.00566393137,0.0,394.6873779,0.0,0.0
4/19/2022 12:03:50.780,0.0,0.00397413969,0.0,394.3588562,0.0,0.0
4/19/2022 12:03:52.060,0.0,0.002873688936,0.0,394.4613342,0.0,0.0
4/19/2022 12:03:53.340,0.0,0.01922398806,0.0,394.2160034,0.0,0.0
4/19/2022 12:03:54.620,0.0,0.006879121065,0.0,394.9018555,0.0,0.0
4/19/2022 12:03:55.900,0.0,0.009648501873,0.0,394.6713257,0.0,0.0
4/19/2022 12:03:57.180,0.0,0.04080533981,0.0,394.9208069,0.0,0.0
4/19/2022 12:03:58.460,0.0,0.01136958599,0.0,394.7728271,0.0,0.0
4/19/2022 12:03:59.740,0.0,0.01127049327,0.0,394.4421692,0.0,0.0
4/19/2022 12:04:01.020,0.0,-0.005979463458,0.0,394.7468872,0.0,0.0
4/19/2022 12:04:02.300,0.0,0.03625229001,0.0,394.8721924,0.0,0.0
4/19/2022 12:04:03.580,0.0,-0.01074112952,0.0,395.7756958,0.0,0.0
4/19/2022 12:04:04.860,0.0,0.01902058721,0.0,395.6798096,0.0,0.0
4/19/2022 12:04:06.140,0.0,0.005043298006,0.0,395.3868713,0.0,0.0
4/19/2022 12:04:07.420,0.0,-0.008362904191,0.0,395.6725159,0.0,0.0
4/19/2022 12:04:08.700,0.0,0.008688867092,0.0,396.0464783,0.0,0.0
4/19/2022 12:04:09.980,0.0,0.01171380281,0.0,395.3813171,0.0,0.0
4/19/2022 12:04:11.260,0.0,0.02680718899,0.0,395.3488464,0.0,0.0
4/19/2022 12:04:12.540,0.0,0.02595186234,0.0,395.3864441,0.0,0.0
4/19/2022 12:04:13.820,0.0,0.009559839964,0.0,394.9476624,0.0,0.0
4/19/2022 12:04:15.100,0.0,0.02228021622,0.0,394.5823059,0.0,0.0
4/19/2022 12:04:16.380,0.0,0.0345364213,0.0,393.8462219,0.0,0.0
4/19/2022 12:04:17.660,0.0,-0.01144260168,0.0,393.6004639,0.0,0.0
4/19/2022 12:04:18.940,0.0,0.003035366535,0.0,393.5803528,0.0,0.0
4/19/2022 12:04:20.220,0.0,0.003092736006,0.0,394.2663879,0.0,0.0
4/19/2022 12:04:21.500,0.0,0.0210493803,0.0,395.1316528,0.0,0.0
4/19/2022 12:04:22.780,0.0,0.009497255087,0.0,396.3766174,0.0,0.0
4/19/2022 12:04:24.060,0.0,0.01124963164,0.0,397.2077026,0.0,0.0
4/19/2022 12:04:25.340,0.0,-0.003350898623,0.0,397.2556763,0.0,0.0
4/19/2022 12:04:26.620,0.0,0.009731948376,0.0,397.2789917,0.0,0.0
4/19/2022 12:04:27.900,0.0,0.02273917198,0.0,397.2984009,0.0,0.0
4/19/2022 12:04:29.180,0.0,0.005017220974,0.0,397.2521667,0.0,0.0
4/19/2022 12:04:30.460,0.0,0.03345161676,0.0,398.0768433,0.0,0.0
4/19/2022 12:04:31.740,0.0,0.002962350845,0.0,398.4508972,0.0,0.0
4/19/2022 12:04:33.020,0.0,0.004187971354,0.0,399.5167847,0.0,0.0
4/19/2022 12:04:34.300,0.0,-0.008297711611,0.0,400.1237793,0.0,0.0
4/19/2022 12:04:35.580,0.0,-0.005361437798,0.0,399.5679932,0.0,0.0
4/19/2022 12:04:36.860,0.0,0.02598315477,0.0,399.45578,0.0,0.0
4/19/2022 12:04:38.140,0.0,-0.002412125468,0.0,399.2962952,0.0,0.0
4/19/2022 12:04:39.420,0.0,0.01149475574,0.0,399.4057617,0.0,0.0
4/19/2022 12:04:40.700,0.0,0.02347454429,0.0,399.7605286,0.0,0.0
4/19/2022 12:04:41.980,0.0,0.0064201653,0.0,400.0751343,0.0,0.0
4/19/2022 12:04:43.260,0.0,-0.01081936061,0.0,400.3384705,0.0,0.0
4/19/2022 12:04:44.540,0.0,0.03380104899,0.0,399.8504944,0.0,0.0
4/19/2022 12:04:45.820,0.0,-0.01042559743,0.0,399.1444092,0.0,0.0
4/19/2022 12:04:47.100,0.0,0.03562122583,0.0,398.3417358,0.0,0.0
4/19/2022 12:04:48.380,0.0,0.02331808209,0.0,397.6783447,0.0,0.0
4/19/2022 12:04:49.660,0.0,0.026332587,0.0,397.8378601,0.0,0.0
4/19/2022 12:04:50.940,0.0,0.01205801964,0.0,397.4554749,0.0,0.0
4/19/2022 12:04:52.220,0.0,0.01189634204,0.0,396.4718933,0.0,0.0
4/19/2022 12:04:53.500,0.0,0.03971010447,0.0,396.0401611,0.0,0.0
4/19/2022 12:04:54.780,0.0,0.006733089685,0.0,395.4649658,0.0,0.0
4/19/2022 12:04:56.060,0.0,0.00439658761,0.0,396.8085022,0.0,0.0
4/19/2022 12:04:57.340,0.0,0.0178001821,0.0,396.8078613,0.0,0.0
4/19/2022 12:04:58.620,0.0,0.03254935145,0.0,395.8725891,0.0,0.0
4/19/2022 12:04:59.900,0.0,-0.02548247576,0.0,395.670105,0.0,0.0
4/19/2022 12:05:01.180,0.0,0.02167522907,0.0,395.9580994,0.0,0.0
4/19/2022 12:05:02.460,0.0,0.05405247211,0.0,396.1676025,0.0,0.0
4/19/2022 12:05:03.740,0.0,0.0108115375,0.0,395.5462646,0.0,0.0
4/19/2022 12:05:05.020,0.0,-0.003609061241,0.0,395.0751343,0.0,0.0
4/19/2022 12:05:06.300,0.0,-0.004829466343,0.0,394.962738,0.0,0.0
4/19/2022 12:05:07.580,0.0,0.00809431076,0.0,394.1146851,0.0,0.0
4/19/2022 12:05:08.860,0.0,-0.0237274915,0.0,393.6925659,0.0,0.0
4/19/2022 12:05:10.140,0.0,-0.04115216434,0.0,393.8946228,0.0,0.0
4/19/2022 12:05:11.420,0.0,-0.0108923763,0.0,395.2345581,0.0,0.0
4/19/2022 12:05:12.700,0.0,-0.01035258174,0.0,395.1977844,0.0,0.0
4/19/2022 12:05:13.980,0.0,0.02241060138,0.0,394.1700134,0.0,0.0
4/19/2022 12:05:15.260,0.0,0.009950995445,0.0,393.6761169,0.0,0.0
4/19/2022 12:05:16.540,0.0,-0.01801922917,0.0,393.1130371,0.0,0.0
4/19/2022 12:05:17.820,0.0,0.01185461879,0.0,392.7601624,0.0,0.0
4/19/2022 12:05:19.100,0.0,-0.0181991607,0.0,393.7095642,0.0,0.0
4/19/2022 12:05:20.380,0.0,-0.00608637929,0.0,394.75354,0.0,0.0
4/19/2022 12:05:21.660,0.0,0.02176910639,0.0,394.3724365,0.0,0.0
4/19/2022 12:05:22.940,0.0,-0.01011267304,0.0,394.4176941,0.0,0.0
4/19/2022 12:05:24.220,0.0,0.003885477781,0.0,394.2056274,0.0,0.0
4/19/2022 12:05:25.500,0.0,-0.01033693552,0.0,393.9412231,0.0,0.0
4/19/2022 12:05:26.780,0.0,-0.02352669835,0.0,394.131958,0.0,0.0
4/19/2022 12:05:28.060,0.0,0.009053945541,0.0,393.9523315,0.0,0.0
4/19/2022 12:05:29.340,0.0,-0.01863725483,0.0,394.762146,0.0,0.0
4/19/2022 12:05:30.620,0.0,-0.01733861864,0.0,395.2218323,0.0,0.0
4/19/2022 12:05:31.900,0.0,-0.003030151129,0.0,394.8974915,0.0,0.0
4/19/2022 12:05:33.180,0.0,0.01102536917,0.0,394.3200378,0.0,0.0
4/19/2022 12:05:34.460,0.0,-0.02139098942,0.0,395.2598267,0.0,0.0
4/19/2022 12:05:35.740,0.0,-0.008420273662,0.0,395.6600037,0.0,0.0
4/19/2022 12:05:37.020,0.0,-0.02543032169,0.0,396.2176514,0.0,0.0
4/19/2022 12:05:38.300,0.0,0.003390014172,0.0,396.2294617,0.0,0.0
4/19/2022 12:05:39.580,0.0,0.004975497723,0.0,396.4537659,0.0,0.0
4/19/2022 12:05:40.860,0.0,0.02210810781,0.0,396.8451233,0.0,0.0
4/19/2022 12:05:42.140,0.0,-0.005395337939,0.0,396.3860168,0.0,0.0
4/19/2022 12:05:43.420,0.0,-0.003126636147,0.0,395.8977966,0.0,0.0
4/19/2022 12:05:44.700,0.0,0.02696886659,0.0,396.1661072,0.0,0.0
4/19/2022 12:05:45.980,0.0,-0.00454261899,0.0,396.180603,0.0,0.0
4/19/2022 12:05:47.260,0.0,-0.007846578956,0.0,396.4327087,0.0,0.0
4/19/2022 12:05:48.540,0.0,-0.02455413342,0.0,396.6773071,0.0,0.0
4/19/2022 12:05:49.820,0.0,0.004094094038,0.0,396.6957703,0.0,0.0
4/19/2022 12:05:51.100,0.0,0.005111098289,0.0,395.9024048,0.0,4.669220924
4/19/2022 12:05:52.380,0.0,0.006707012653,0.0,395.3788757,0.0,21.20899773
4/19/2022 12:05:53.660,0.0,0.01006573439,0.0,395.948822,0.0,43.40967178
4/19/2022 12:05:54.940,0.0,0.02721399069,0.0,396.5334473,0.0,66.30903625
4/19/2022 12:05:56.220,0.0,0.02731308341,0.0,395.0027466,0.0,88.73728943
4/19/2022 12:05:57.500,0.0,0.01050904393,0.0,393.8364868,0.0,110.8266525
4/19/2022 12:05:58.780,0.0,-0.006957352161,0.0,393.9612122,0.0,132.7869568
4/19/2022 12:06:00.060,0.0,0.03546997905,0.0,393.473053,0.0,154.4659119
4/19/2022 12:06:01.340,0.0,-0.0273026526,0.0,393.8175659,0.0,175.9671173
4/19/2022 12:06:02.620,0.0,-0.02625696361,0.0,394.3381958,0.0,197.3920593
4/19/2022 12:06:03.900,0.0,0.03505796194,0.0,395.1340027,0.0,218.4961395
4/19/2022 12:06:05.180,0.0,0.007494539022,0.0,395.9775391,0.0,239.3340759
4/19/2022 12:06:06.460,0.0,0.06938055158,0.0,395.9118652,0.0,260.1280823
4/19/2022 12:06:07.740,0.0,0.02578496933,0.0,396.1343384,0.0,280.9036255
4/19/2022 12:06:09.020,0.0,0.02571716905,0.0,396.2390442,0.0,300.9020996
4/19/2022 12:06:10.300,0.0,0.04009604454,0.0,396.5083618,0.0,321.5185852
4/19/2022 12:06:11.580,0.0,0.02192556858,0.0,396.472168,0.0,341.7541504
4/19/2022 12:06:12.860,0.0,0.03459900618,0.0,394.5765686,0.0,361.0082092
4/19/2022 12:06:14.140,0.0,0.03363415599,0.0,391.9071655,0.0,379.9680786
4/19/2022 12:06:15.420,0.0,0.04886835814,0.0,389.9818115,0.0,399.9808044
4/19/2022 12:06:16.700,0.0,0.02000629902,0.0,388.8653564,0.0,418.7955322
4/19/2022 12:06:17.980,0.0,0.05213841796,0.0,387.9723816,0.0,437.3458252
4/19/2022 12:06:19.260,0.0,0.03956407309,0.0,387.3199463,0.0,456.3750916
4/19/2022 12:06:20.540,0.0,0.05632638931,0.0,386.4674988,0.0,474.5724182
4/19/2022 12:06:21.820,0.0,0.02720355988,0.0,385.1474915,0.0,492.4895325
4/19/2022 12:06:23.100,0.0,0.07137805223,0.0,384.1795654,0.0,510.4957886
4/19/2022 12:06:24.380,0.0,0.03925636411,0.0,382.0537415,0.0,528.3067017
4/19/2022 12:06:25.660,0.0,0.09701699018,0.0,380.4865112,0.0,545.0422974
4/19/2022 12:06:26.940,0.0,0.06505697966,0.0,379.31073,0.0,562.208374
4/19/2022 12:06:28.220,0.0,0.1083031297,0.0,377.1426086,0.0,579.005249
4/19/2022 12:06:29.500,0.0,0.09338706732,0.0,376.15448,0.0,596.3953857
4/19/2022 12:06:30.780,0.0,0.125978142,0.0,374.7803345,0.0,612.4898682
4/19/2022 12:06:32.060,0.0,0.1428760588,0.0,373.5282288,0.0,628.124939
4/19/2022 12:06:33.340,0.0,0.1302078366,0.0,371.8457031,0.0,644.5957031
4/19/2022 12:06:34.620,0.0,0.1755557954,0.0,370.5798645,0.0,660.1531372
4/19/2022 12:06:35.900,0.0,0.1611195505,0.0,369.3013,0.0,675.5478516
4/19/2022 12:06:37.180,0.0,0.1747630537,0.0,367.750824,0.0,690.159729
4/19/2022 12:06:38.460,0.0,0.1867063344,0.0,367.2476196,0.0,705.8657227
4/19/2022 12:06:39.740,0.0,0.1842916012,0.0,366.0711365,0.0,720.1082764
4/19/2022 12:06:41.020,0.0,0.197955966,0.0,364.7008667,0.0,734.5703735
4/19/2022 12:06:42.300,0.0,0.2279654145,0.0,363.2024841,0.0,749.0150757
4/19/2022 12:06:43.580,0.0,0.214535743,0.0,361.9057312,0.0,762.8657227
4/19/2022 12:06:44.860,0.0,0.2603583038,0.0,360.5733337,0.0,775.7029419
4/19/2022 12:06:46.140,0.0,0.2788834274,0.0,358.3583679,0.0,789.1206665
4/19/2022 12:06:47.420,0.0,0.2654120326,0.0,357.5681458,0.0,802.4222412
4/19/2022 12:06:48.700,0.0,0.2809695899,0.0,356.4740601,0.0,815.3104248
4/19/2022 12:06:49.980,0.0,0.280046463,0.0,355.4612427,0.0,828.3952026
4/19/2022 12:06:51.260,0.0,0.2926051617,0.0,354.2720337,0.0,840.6516724
4/19/2022 12:06:52.540,0.0,0.3204293549,0.0,353.3246155,0.0,853.0579224
4/19/2022 12:06:53.820,0.0,0.3037922084,0.0,352.3268738,0.0,864.3042603
4/19/2022 12:06:55.100,0.0,0.303145498,0.0,350.7709351,0.0,876.352478
4/19/2022 12:06:56.380,0.0,0.3186874092,0.0,349.7785645,0.0,886.991394
4/19/2022 12:06:57.660,0.0,0.3352828324,0.0,348.7522278,0.0,898.7955933
4/19/2022 12:06:58.940,0.0,0.3971271217,0.0,347.9370422,0.0,910.078186
4/19/2022 12:07:00.220,0.0,0.3840208054,0.0,346.7549438,0.0,920.3187866
4/19/2022 12:07:01.500,0.0,0.4150524735,0.0,345.8664246,0.0,930.7174072
4/19/2022 12:07:02.780,0.0,0.4002511501,0.0,344.7681274,0.0,941.4186401
4/19/2022 12:07:04.060,0.0,0.3984414041,0.0,343.6427612,0.0,950.769165
4/19/2022 12:07:05.340,0.0,0.4253216088,0.0,342.6634216,0.0,961.3535767
4/19/2022 12:07:06.620,0.0,0.4229329526,0.0,341.8365784,0.0,970.239502
4/19/2022 12:07:07.900,0.0,0.4220046103,0.0,341.2737732,0.0,980.3665161
4/19/2022 12:07:09.180,0.0,0.4373796284,0.0,340.2273254,0.0,989.5634155
4/19/2022 12:07:10.460,0.0,0.4385218024,0.0,339.3597717,0.0,997.8114624
4/19/2022 12:07:11.740,0.0,0.4849337041,0.0,338.0993958,0.0,1007.360474
4/19/2022 12:07:13.020,0.0,0.4874162376,0.0,336.7515869,0.0,1015.187195
4/19/2022 12:07:14.300,0.0,0.4740700126,0.0,336.017395,0.0,1024.53418
4/19/2022 12:07:15.580,0.0,0.5049243569,0.0,335.1059265,0.0,1032.325562
4/19/2022 12:07:16.860,0.0,0.5035057664,0.0,334.1416626,0.0,1040.488892
4/19/2022 12:07:18.140,0.0,0.4868581891,0.0,333.3614502,0.0,1047.998291
4/19/2022 12:07:19.420,0.0,0.5288109183,0.0,331.4099731,0.0,1056.330566
4/19/2022 12:07:20.700,0.0,0.5570523739,0.0,331.0369873,0.0,1063.075806
4/19/2022 12:07:21.980,0.0,0.5119181871,0.0,330.701416,0.0,1069.900146
4/19/2022 12:07:23.260,0.0,0.5276113749,0.0,329.8280334,0.0,1077.733276
4/19/2022 12:07:24.540,0.0,0.5753375292,0.0,329.1365662,0.0,1084.206665
4/19/2022 12:07:25.820,0.0,0.5932107568,0.0,328.8569336,0.0,1090.417358
4/19/2022 12:07:27.100,0.0,0.5803756714,0.0,328.171051,0.0,1098.064453
4/19/2022 12:07:28.380,0.0,0.5658663511,0.0,327.0534973,0.0,1103.655273
4/19/2022 12:07:29.660,0.0,0.6099417806,0.0,325.867981,0.0,1110.954712
4/19/2022 12:07:30.940,0.0,0.5770429969,0.0,325.0096741,0.0,1116.869141
4/19/2022 12:07:32.220,0.0,0.5748838186,0.0,324.1266174,0.0,1122.250488
4/19/2022 12:07:33.500,0.0,0.5878701806,0.0,323.6019287,0.0,1128.073975
4/19/2022 12:07:34.780,0.0,0.6313666701,0.0,323.0792542,0.0,1134.232666
4/19/2022 12:07:36.060,0.0,0.5872547626,0.0,322.5431824,0.0,1140.025513
4/19/2022 12:07:37.340,0.0,0.663790822,0.0,321.9056091,0.0,1144.278198
4/19/2022 12:07:38.620,0.0,0.6668679714,0.0,321.0113831,0.0,1150.359619
4/19/2022 12:07:39.900,0.0,0.6387360096,0.0,320.3859558,0.0,1154.521118
4/19/2022 12:07:41.180,0.0,0.6240859628,0.0,320.2341919,0.0,1160.532593
4/19/2022 12:07:42.460,0.0,0.6529219151,0.0,319.2362366,0.0,1165.166138
4/19/2022 12:07:43.740,0.0,0.6656318903,0.0,317.93396,0.0,1169.909912
4/19/2022 12:07:45.020,0.0,0.6628260016,0.0,317.3033752,0.0,1174.499268
4/19/2022 12:07:46.300,0.0,0.6614595652,0.0,316.432251,0.0,1179.34729
4/19/2022 12:07:47.580,0.0,0.6619758606,0.0,316.2007446,0.0,1183.375977
4/19/2022 12:07:48.860,0.0,0.6934143305,0.0,315.6829529,0.0,1186.680664
4/19/2022 12:07:50.140,0.0,0.6954483986,0.0,314.7625427,0.0,1191.554321
4/19/2022 12:07:51.420,0.0,0.6981499195,0.0,314.1737366,0.0,1195.514404
4/19/2022 12:07:52.700,0.0,0.7144428492,0.0,313.8994751,0.0,1199.414673
4/19/2022 12:07:53.980,0.0,0.7294528484,0.0,312.8648376,0.0,1202.462646
4/19/2022 12:07:55.260,0.0,0.7129877806,0.0,312.2337952,0.0,1207.058838
4/19/2022 12:07:56.540,0.0,0.7247850299,0.0,311.6410522,0.0,1210.458374
4/19/2022 12:07:57.820,0.0,0.7229648829,0.0,311.4123535,0.0,1213.965454
4/19/2022 12:07:59.100,0.0,0.7069796324,0.0,310.367218,0.0,1216.278687
4/19/2022 12:08:00.380,0.0,0.7228605747,0.0,309.1511841,0.0,1219.561768
4/19/2022 12:08:01.660,0.0,0.7099106908,0.0,308.8736572,0.0,1223.550903
4/19/2022 12:08:02.940,0.0,0.7267460227,0.0,308.0586243,0.0,1226.913574
4/19/2022 12:08:04.220,0.0,0.7434457541,0.0,307.7528381,0.0,1230.325073
4/19/2022 12:08:05.500,0.0,0.7443166971,0.0,307.2113037,0.0,1232.123901
4/19/2022 12:08:06.780,0.0,0.7293537259,0.0,306.79422,0.0,1234.699951
4/19/2022 12:08:08.060,0.0,0.7428824902,0.0,306.1162109,0.0,1238.962891
4/19/2022 12:08:09.340,0.0,0.7403634787,0.0,305.8375854,0.0,1240.099854
4/19/2022 12:08:10.620,0.0,0.7384389639,0.0,304.7938232,0.0,1244.162842
4/19/2022 12:08:11.900,0.0,0.7521711588,0.0,304.1984558,0.0,1246.074829
4/19/2022 12:08:13.180,0.0,0.7517069578,0.0,303.6731567,0.0,1248.751221
4/19/2022 12:08:14.460,0.0,0.767650485,0.0,303.2758484,0.0,1251.470459
4/19/2022 12:08:15.740,0.0,0.7554203272,0.0,302.7785339,0.0,1253.321289
4/19/2022 12:08:17.020,0.0,0.7875576615,0.0,302.8656921,0.0,1255.356201
4/19/2022 12:08:18.300,0.0,0.7896542549,0.0,302.3336792,0.0,1258.442017
4/19/2022 12:08:19.580,0.0,0.7595039606,0.0,301.579895,0.0,1260.737305
4/19/2022 12:08:20.860,0.0,0.7730692625,0.0,301.2414246,0.0,1262.5625
4/19/2022 12:08:22.140,0.0,0.8011385798,0.0,300.0786438,0.0,1264.456909
4/19/2022 12:08:23.420,0.0,0.7826603651,0.0,299.2608337,0.0,1266.335693
4/19/2022 12:08:24.700,0.0,0.7964134216,0.0,298.9220581,0.0,1268.552612
4/19/2022 12:08:25.980,0.0,0.8108549118,0.0,298.5556946,0.0,1270.196167
4/19/2022 12:08:27.260,0.0,0.7969923019,0.0,298.0550537,0.0,1272.415771
4/19/2022 12:08:28.540,0.0,0.7991671562,0.0,297.8636169,0.0,1274.036865
4/19/2022 12:08:29.820,0.0,0.8168942928,0.0,297.8443298,0.0,1274.53479
4/19/2022 12:08:31.100,0.0,0.7884181738,0.0,296.8798523,0.0,1276.769653
4/19/2022 12:08:32.380,0.0,0.8195802569,0.0,296.1823425,0.0,1278.81604
4/19/2022 12:08:33.660,0.0,0.8042678237,0.0,295.928009,0.0,1280.234863
4/19/2022 12:08:34.940,0.0,0.8180469275,0.0,295.2479248,0.0,1280.781494
4/19/2022 12:08:36.220,0.0,0.8006483316,0.0,295.6915283,0.0,1283.115112
4/19/2022 12:08:37.500,0.0,0.7986299992,0.0,295.5236816,0.0,1284.939697
4/19/2022 12:08:38.780,0.0,0.8121743798,0.0,294.6260681,0.0,1285.049683
4/19/2022 12:08:40.060,0.0,0.8424185514,0.0,294.7796326,0.0,1287.896362
4/19/2022 12:08:41.340,0.0,0.8149750233,0.0,294.2163391,0.0,1288.471558
4/19/2022 12:08:42.620,0.0,0.8176349401,0.0,293.7221069,0.0,1290.344727
4/19/2022 12:08:43.900,0.0,0.8194185495,0.0,293.3110962,0.0,1290.711182
4/19/2022 12:08:45.180,0.0,0.8198931813,0.0,292.7698669,0.0,1292.546265
4/19/2022 12:08:46.460,0.0,0.8184380531,0.0,292.2962952,0.0,1293.214966
4/19/2022 12:08:47.740,0.0,0.8006848097,0.0,292.0728149,0.0,1293.739136
4/19/2022 12:08:49.020,0.0,0.8126907349,0.0,292.0475464,0.0,1296.165039
4/19/2022 12:08:50.300,0.0,0.8261099458,0.0,291.8606262,0.0,1296.209839
4/19/2022 12:08:51.580,0.0,0.811329484,0.0,291.4926453,0.0,1297.521729
4/19/2022 12:08:52.860,0.0,0.827267766,0.0,290.7145386,0.0,1299.612671
4/19/2022 12:08:54.140,0.0,0.8595615625,0.0,290.2776489,0.0,1299.522583
4/19/2022 12:08:55.420,0.0,0.8477694988,0.0,289.3471985,0.0,1300.029419
4/19/2022 12:08:56.700,0.0,0.850006938,0.0,289.2555542,0.0,1301.913818
4/19/2022 12:08:57.980,0.0,0.8648968935,0.0,289.104187,0.0,1303.191895
4/19/2022 12:08:59.260,0.0,0.8492820263,0.0,288.9758911,0.0,1303.395752
4/19/2022 12:09:00.540,0.0,0.8167170286,0.0,288.3301392,0.0,1303.746948
4/19/2022 12:09:01.820,0.0,0.8298076391,0.0,287.5828857,0.0,1304.223022
4/19/2022 12:09:03.100,0.0,0.8125081658,0.0,287.6740723,0.0,1306.199219
4/19/2022 12:09:04.380,0.0,0.8414171934,0.0,287.0743408,0.0,1306.768188
4/19/2022 12:09:05.660,0.0,0.8271321654,0.0,287.0021667,0.0,1307.827759
4/19/2022 12:09:06.940,0.0,0.8284986019,0.0,286.2437744,0.0,1308.021606
4/19/2022 12:09:08.220,0.0,0.8610218763,0.0,285.4261169,0.0,1308.546509
4/19/2022 12:09:09.500,0.0,0.8491985798,0.0,284.7473145,0.0,1308.010254
4/19/2022 12:09:10.780,0.0,0.8346580267,0.0,284.5910034,0.0,1309.277588
4/19/2022 12:09:12.060,0.0,0.8186936378,0.0,284.7043457,0.0,1310.10083
4/19/2022 12:09:13.340,0.0,0.8313044906,0.0,284.3565979,0.0,1310.078003
4/19/2022 12:09:14.620,1.0,0.8293539286,0.0,284.1106262,0.0,1310.684692
4/19/2022 12:09:15.900,1.0,1.290009975,0.0,288.5520935,0.0,1317.326294
4/19/2022 12:09:17.180,1.0,1.273221493,0.0,320.3652649,0.0,1326.588379
4/19/2022 12:09:18.460,1.0,1.317594171,0.0,352.1558838,0.0,1335.327393
4/19/2022 12:09:19.740,1.0,1.273591757,0.0,379.4827271,0.0,1342.161743
4/19/2022 12:09:21.020,1.0,1.366196632,0.0,399.835968,0.0,1350.657715
4/19/2022 12:09:22.300,1.0,1.548855782,0.0,420.2084656,0.0,1362.138062
4/19/2022 12:09:23.580,1.0,1.520171046,0.0,455.6321106,0.0,1374.38147
4/19/2022 12:09:24.860,1.0,1.506261587,0.0,484.4454041,0.0,1385.476563
4/19/2022 12:09:26.140,1.0,1.563975215,0.0,500.3851318,0.0,1393.43042
4/19/2022 12:09:27.420,1.0,1.547317266,0.0,508.5440979,0.0,1401.489258
4/19/2022 12:09:28.700,1.0,1.410397172,0.0,512.602417,0.0,1409.628662
4/19/2022 12:09:29.980,1.0,1.543520451,0.0,515.1464233,0.0,1418.064209
4/19/2022 12:09:31.260,1.0,1.617913008,0.0,519.5787354,0.0,1427.307251
4/19/2022 12:09:32.540,1.0,1.484450698,0.0,523.3146973,0.0,1433.171265
4/19/2022 12:09:33.820,1.0,1.621282101,0.0,526.694397,0.0,1441.98877
4/19/2022 12:09:35.100,1.0,1.653888822,0.0,529.5997925,0.0,1450.452515
4/19/2022 12:09:36.380,1.0,1.551061869,0.0,533.288147,0.0,1458.02356
4/19/2022 12:09:37.660,1.0,1.715816498,0.0,536.3519897,0.0,1465.516357
4/19/2022 12:09:38.940,1.0,1.743677258,0.0,538.6405029,0.0,1471.251709
4/19/2022 12:09:40.220,1.0,1.636406779,0.0,541.4190674,0.0,1479.720459
4/19/2022 12:09:41.500,1.0,1.753247499,0.0,543.5457153,0.0,1486.115967
4/19/2022 12:09:42.780,1.0,1.796796203,0.0,544.8081665,0.0,1493.685425
4/19/2022 12:09:44.060,1.0,1.676841855,0.0,546.5022583,0.0,1501.069458
4/19/2022 12:09:45.340,1.0,1.828359842,0.0,547.99646,0.0,1507.310425
4/19/2022 12:09:46.620,1.0,1.860898733,0.0,548.569397,0.0,1513.420288
4/19/2022 12:09:47.900,1.0,1.758562088,0.0,548.3272095,0.0,1520.978149
4/19/2022 12:09:49.180,1.0,1.819498777,0.0,547.8251343,0.0,1526.204956
4/19/2022 12:09:50.460,1.0,1.893369913,0.0,548.3939209,0.0,1533.428711
4/19/2022 12:09:51.740,1.0,1.818038464,0.0,549.3991089,0.0,1539.274536
4/19/2022 12:09:53.020,1.0,1.846071362,0.0,550.5827026,0.0,1545.0896
4/19/2022 12:09:54.300,1.0,1.993203163,0.0,551.6724243,0.0,1551.498047
4/19/2022 12:09:55.580,1.0,1.857852936,0.0,553.5753784,0.0,1558.04895
4/19/2022 12:09:56.860,1.0,1.901724935,0.0,555.4486084,0.0,1563.359009
4/19/2022 12:09:58.140,1.0,2.052377224,0.0,556.9025269,0.0,1568.840698
4/19/2022 12:09:59.420,1.0,1.963882208,0.0,558.0830688,0.0,1575.357178
4/19/2022 12:10:00.700,1.0,1.951891899,0.0,560.3776855,0.0,1581.21521
4/19/2022 12:10:01.980,1.0,2.088394642,0.0,562.8151245,0.0,1586.516724
4/19/2022 12:10:03.260,1.0,2.044001102,0.0,564.4421997,0.0,1592.082031
4/19/2022 12:10:04.540,1.0,1.998215199,0.0,566.7025757,0.0,1597.980103
4/19/2022 12:10:05.820,1.0,2.145378351,0.0,568.4848633,0.0,1604.012207
4/19/2022 12:10:07.100,1.0,2.083440065,0.0,569.2426147,0.0,1610.370728
4/19/2022 12:10:08.380,1.0,2.066463947,0.0,570.7487793,0.0,1614.843628
4/19/2022 12:10:09.660,1.0,2.185902119,0.0,572.4089355,0.0,1621.393799
4/19/2022 12:10:10.940,1.0,2.142561913,0.0,572.6174927,0.0,1625.765137
4/19/2022 12:10:12.220,1.0,2.09980607,0.0,571.8441162,0.0,1631.09082
4/19/2022 12:10:13.500,1.0,2.235865593,0.0,572.8718872,0.0,1636.839844
4/19/2022 12:10:14.780,1.0,2.222957373,0.0,574.3062134,0.0,1642.598022
4/19/2022 12:10:16.060,1.0,2.134420633,0.0,576.2398071,0.0,1647.202271
4/19/2022 12:10:17.340,1.0,2.283278942,0.0,577.1073608,0.0,1651.77771
4/19/2022 12:10:18.620,1.0,2.310915232,0.0,578.7905273,0.0,1657.170166
4/19/2022 12:10:19.900,1.0,2.188165426,0.0,579.3275146,0.0,1662.772949
4/19/2022 12:10:21.180,1.0,2.321095705,0.0,580.6829224,0.0,1666.620361
4/19/2022 12:10:22.460,1.0,2.365327597,0.0,581.4332275,0.0,1671.653809
4/19/2022 12:10:23.740,1.0,2.230499029,0.0,582.2294922,0.0,1677.430176
4/19/2022 12:10:25.020,1.0,2.322613478,0.0,583.6655273,0.0,1681.699219
4/19/2022 12:10:26.300,1.0,2.39964509,0.0,584.4747314,0.0,1686.283813
4/19/2022 12:10:27.580,1.0,2.297005892,0.0,586.2225342,0.0,1691.293823
4/19/2022 12:10:28.860,1.0,2.403488636,0.0,587.8358154,0.0,1696.520752
4/19/2022 12:10:30.140,1.0,2.479002714,0.0,589.2519531,0.0,1701.22998
4/19/2022 12:10:31.420,1.0,2.372217178,0.0,590.8759155,0.0,1704.966797
4/19/2022 12:10:32.700,1.0,2.414441109,0.0,591.9552612,0.0,1710.800537
4/19/2022 12:10:33.980,1.0,2.516757011,0.0,590.8776245,0.0,1714.569824
4/19/2022 12:10:35.260,1.0,2.425205708,0.0,594.4025269,0.0,1720.435059
4/19/2022 12:10:36.540,1.0,2.484885693,0.0,596.6992798,0.0,1724.772339
4/19/2022 12:10:37.820,1.0,2.575070381,0.0,594.3759155,0.0,1729.061768
4/19/2022 12:10:39.100,1.0,2.517862558,0.0,597.440918,0.0,1733.928589
4/19/2022 12:10:40.380,1.0,2.535547972,0.0,599.8554077,0.0,1738.712158
4/19/2022 12:10:41.660,1.0,2.64217186,0.0,603.2865601,0.0,1744.302612
4/19/2022 12:10:42.940,1.0,2.583425522,0.0,606.5923462,0.0,1749.684326
4/19/2022 12:10:44.220,1.0,2.612684011,0.0,608.5578003,0.0,1753.555298
4/19/2022 12:10:45.500,1.0,2.745019674,0.0,611.1270142,0.0,1759.768188
4/19/2022 12:10:46.780,1.0,2.653171062,0.0,611.2970581,0.0,1763.279663
4/19/2022 12:10:48.060,1.0,2.635151863,0.0,612.5385742,0.0,1769.186035
4/19/2022 12:10:49.340,1.0,2.78404665,0.0,616.1113281,0.0,1774.859131
4/19/2022 12:10:50.620,1.0,2.725451469,0.0,618.9828491,0.0,1780.082642
4/19/2022 12:10:51.900,1.0,2.75753665,0.0,621.0856323,0.0,1785.113892
4/19/2022 12:10:53.180,1.0,2.879352808,0.0,621.7094727,0.0,1790.141724
4/19/2022 12:10:54.460,1.0,2.775785446,0.0,622.7814331,0.0,1794.719971
4/19/2022 12:10:55.740,1.0,2.806915998,0.0,626.1704712,0.0,1798.863159
4/19/2022 12:10:57.020,1.0,2.925029278,0.0,625.4398804,0.0,1805.630005
4/19/2022 12:10:58.300,1.0,2.863185167,0.0,626.1952515,0.0,1809.703613
4/19/2022 12:10:59.580,1.0,2.920424223,0.0,630.2203369,0.0,1815.458618
4/19/2022 12:11:00.860,1.0,3.008903503,0.0,632.0806885,0.0,1821.38855
4/19/2022 12:11:02.140,1.0,2.903322935,0.0,634.4719238,0.0,1826.828857
4/19/2022 12:11:03.420,1.0,2.980046749,0.0,636.3522339,0.0,1832.077881
4/19/2022 12:11:04.700,1.0,3.057542324,0.0,636.6196289,0.0,1837.306519
4/19/2022 12:11:05.980,1.0,2.999849558,0.0,639.1326294,0.0,1841.564087
4/19/2022 12:11:07.260,1.0,3.091155767,0.0,642.7603149,0.0,1846.784546
4/19/2022 12:11:08.540,1.0,3.150835514,0.0,645.7608032,0.0,1853.470825
4/19/2022 12:11:09.820,1.0,3.089544296,0.0,648.3988037,0.0,1858.120117
4/19/2022 12:11:11.100,1.0,3.11710763,0.0,651.9124756,0.0,1863.325073
4/19/2022 12:11:12.380,1.0,3.189977169,0.0,654.7106323,0.0,1869.508301
4/19/2022 12:11:13.660,1.0,3.173100233,0.0,656.6352539,0.0,1875.169922
4/19/2022 12:11:14.940,1.0,3.202598572,0.0,659.4911499,0.0,1880.824707
4/19/2022 12:11:16.220,1.0,3.293951511,0.0,661.9163208,0.0,1886.098511
4/19/2022 12:11:17.500,1.0,3.311355352,0.0,662.3591919,0.0,1892.22522
4/19/2022 12:11:18.780,1.0,3.269188881,0.0,665.6621704,0.0,1898.199585
4/19/2022 12:11:20.060,1.0,3.375390053,0.0,668.8261719,0.0,1903.734497
4/19/2022 12:11:21.340,1.0,3.420310497,0.0,668.5269775,0.0,1909.313965
4/19/2022 12:11:22.620,1.0,3.448197365,0.0,670.5543823,0.0,1915.727173
4/19/2022 12:11:23.900,1.0,3.400398016,0.0,673.2460327,0.0,1922.226685
4/19/2022 12:11:25.180,1.0,3.47282958,0.0,674.0093994,0.0,1927.630371
4/19/2022 12:11:26.460,1.0,3.516644239,0.0,675.8433838,0.0,1933.207642
4/19/2022 12:11:27.740,1.0,3.545594931,0.0,675.3656006,0.0,1939.644775
4/19/2022 12:11:29.020,1.0,3.532582521,0.0,677.9130249,0.0,1946.610962
4/19/2022 12:11:30.300,1.0,3.535847425,0.0,681.6846313,0.0,1951.898682
4/19/2022 12:11:31.580,1.0,3.658331156,0.0,685.4812012,0.0,1957.796387
4/19/2022 12:11:32.860,1.0,3.719294071,0.0,688.59021,0.0,1964.089844
4/19/2022 12:11:34.140,1.0,3.689112425,0.0,691.2271729,0.0,1970.935303
4/19/2022 12:11:35.420,1.0,3.718720436,0.0,693.5768433,0.0,1976.694824
4/19/2022 12:11:36.700,1.0,3.775839567,0.0,695.8488159,0.0,1982.894287
4/19/2022 12:11:37.980,1.0,3.817813158,0.0,696.8343506,0.0,1990.610962
4/19/2022 12:11:39.260,1.0,3.860949755,0.0,698.7923584,0.0,1995.344238
4/19/2022 12:11:40.540,1.0,3.860469818,0.0,700.9550781,0.0,2002.817261
4/19/2022 12:11:41.820,1.0,3.891157389,0.0,702.6127319,0.0,2009.9021
4/19/2022 12:11:43.100,1.0,3.922976494,0.0,704.3892822,0.0,2016.386475
4/19/2022 12:11:44.380,1.0,4.000837326,0.0,705.6520386,0.0,2022.592407
4/19/2022 12:11:45.660,1.0,4.033204079,0.0,707.1047974,0.0,2028.575928
4/19/2022 12:11:46.940,1.0,4.004159451,0.7255775928,705.1243286,0.0,2033.581177
4/19/2022 12:11:48.220,1.0,4.018314362,1.747874141,705.246582,0.0,2041.100952
4/19/2022 12:11:49.500,1.0,4.106532574,2.738690853,707.8865356,0.0,2045.247681
4/19/2022 12:11:50.780,1.0,4.134570599,3.707502604,705.5932617,0.0,2052.481934
4/19/2022 12:11:52.060,1.0,4.192023754,4.656132698,702.3782959,0.0,2059.223145
4/19/2022 12:11:53.340,1.0,4.190266132,5.579192638,697.3719482,0.0,2065.432861
4/19/2022 12:11:54.620,1.0,4.174458027,6.476938248,689.8181152,0.0,2070.793457
4/19/2022 12:11:55.900,1.0,4.20401907,7.337283611,692.3630371,0.0,2076.347168
4/19/2022 12:11:57.180,1.0,4.310544014,8.168204308,694.0810547,0.0,2083.210449
4/19/2022 12:11:58.460,1.0,4.357852936,8.979140282,683.741333,0.0,2088.540283
4/19/2022 12:11:59.740,1.0,4.374630928,9.762148857,672.6425171,0.0,2096.099121
4/19/2022 12:12:01.020,1.0,4.420928001,10.51856518,665.4354858,0.0,2100.958008
4/19/2022 12:12:02.300,1.0,4.406569958,11.25734711,659.4345093,0.0,2106.460449
4/19/2022 12:12:03.580,1.0,4.466369629,11.97342491,656.3170776,0.0,2112.445557
4/19/2022 12:12:04.860,1.0,4.480127811,12.66533184,652.6292114,0.0,2118.868408
4/19/2022 12:12:06.140,1.0,4.568993092,13.33329678,649.7229004,0.0,2125.963379
4/19/2022 12:12:07.420,1.0,4.611446857,13.98244476,647.730896,0.0,2130.742432
4/19/2022 12:12:08.700,1.0,4.609407425,14.62335777,651.6889648,0.0,2138.298096
4/19/2022 12:12:09.980,1.0,4.593333721,15.23968029,662.8117065,0.0,2142.75
4/19/2022 12:12:11.260,1.0,4.683168888,15.83018208,674.3986816,0.0,2149.066406
4/19/2022 12:12:12.540,1.0,4.744298935,16.4100647,686.4969482,0.0,2155.187988
4/19/2022 12:12:13.820,1.0,4.761425972,16.97885132,701.9326782,0.0,2161.484619
4/19/2022 12:12:15.100,1.0,4.793829441,17.53203392,720.326355,0.0,2167.113281
4/19/2022 12:12:16.380,1.0,4.855767727,18.07057953,725.387207,0.0,2175.449951
4/19/2022 12:12:17.660,1.0,4.871377468,18.58576012,724.3849487,0.0,2180.05835
4/19/2022 12:12:18.940,1.0,4.915473461,19.09580803,721.2130127,0.0,2187.912598
4/19/2022 12:12:20.220,1.0,4.958558083,19.58292389,716.5684204,0.0,2192.501709
4/19/2022 12:12:21.500,1.0,5.046244621,20.06641769,718.9341431,0.0,2198.365967
4/19/2022 12:12:22.780,1.0,5.044356823,20.52770996,720.4136963,0.0,2204.658447
4/19/2022 12:12:24.060,1.0,5.073161602,20.98161316,723.6334229,0.0,2211.394531
4/19/2022 12:12:25.340,1.0,5.101747036,21.41870117,724.6138306,0.0,2219.378174
4/19/2022 12:12:26.620,1.0,5.178710938,21.85548401,725.850647,0.0,2224.652832
4/19/2022 12:12:27.900,1.0,5.196130276,22.26729965,729.3685913,0.0,2231.072021
4/19/2022 12:12:29.180,1.0,5.273500919,22.68547821,732.9912109,0.0,2236.669434
4/19/2022 12:12:30.460,1.0,5.273902416,23.0719986,736.5313721,0.0,2243.477051
4/19/2022 12:12:31.740,1.0,5.334416866,23.47003174,738.6200562,0.0,2249.760986
4/19/2022 12:12:33.020,1.0,5.362512112,23.84392548,738.8806763,0.0,2256.054688
4/19/2022 12:12:34.300,1.0,5.419730186,24.21403122,743.2037354,0.0,2261.744141
4/19/2022 12:12:35.580,1.0,5.417722702,24.57999802,745.1950684,0.0,2268.413818
4/19/2022 12:12:36.860,1.0,5.446172714,24.93646431,747.9250488,0.0,2274.959229
4/19/2022 12:12:38.140,1.0,5.490091324,25.28509712,750.2672119,0.0,2281.38623
4/19/2022 12:12:39.420,1.0,5.551690578,25.62684059,753.8135986,0.0,2286.341309
4/19/2022 12:12:40.700,1.0,5.568192005,25.95863152,756.2755127,0.0,2293.192383
4/19/2022 12:12:41.980,1.0,5.630015373,26.28664398,758.6234131,0.0,2299.37915
4/19/2022 12:12:43.260,1.0,5.706817627,26.60827446,760.9882202,0.0,2304.890869
4/19/2022 12:12:44.540,1.0,5.752353191,26.91778374,762.8684082,0.0,2312.477295
4/19/2022 12:12:45.820,1.0,5.811292648,27.22280312,764.8526611,0.0,2318.571777
4/19/2022 12:12:47.100,1.0,5.83863163,27.52183723,768.4544067,0.0,2324.617432
4/19/2022 12:12:48.380,1.0,5.851279259,27.82293892,771.630188,0.0,2330.458984
4/19/2022 12:12:49.660,1.0,5.894269943,28.11149597,774.0351563,0.0,2338.315186
4/19/2022 12:12:50.940,1.0,5.95350647,28.39806175,776.2585449,0.0,2344.656738
4/19/2022 12:12:52.220,1.0,6.014777184,28.67234993,776.3208008,0.0,2351.005127
4/19/2022 12:12:53.500,1.0,6.047498226,28.94781303,778.0404053,0.0,2356.091797
4/19/2022 12:12:54.780,1.0,6.109937191,29.21984291,779.9647217,0.0,2362.893066
4/19/2022 12:12:56.060,1.0,6.171411514,29.49297333,781.3920898,0.0,2369.621338
4/19/2022 12:12:57.340,1.0,6.201295376,29.75608826,782.866272,0.0,2376.303467
4/19/2022 12:12:58.620,1.0,6.214860916,30.02787018,784.4390259,0.0,2381.916504
4/19/2022 12:12:59.900,1.0,6.301076889,30.28237915,786.3903198,0.0,2388.021729
4/19/2022 12:13:01.180,1.0,6.313875198,30.52266121,787.8167725,0.0,2394.626465
4/19/2022 12:13:02.460,1.0,6.388053894,30.77209473,790.4520874,0.0,2402.373535
4/19/2022 12:13:03.740,1.0,6.403820038,31.02593803,791.5391235,0.0,2410.170898
4/19/2022 12:13:05.020,1.0,6.49611187,31.26755905,792.1799316,0.0,2414.574463
4/19/2022 12:13:06.300,1.0,6.588481903,31.50400925,793.6116943,0.0,2423.410156
4/19/2022 12:13:07.580,1.0,6.619555473,31.73050117,794.0425415,0.0,2429.346436
4/19/2022 12:13:08.860,1.0,6.649158001,31.96218109,794.9160156,0.0,2435.70752
4/19/2022 12:13:10.140,1.0,6.706303596,32.19315338,795.8770142,0.0,2442.758057
4/19/2022 12:13:11.420,1.0,6.778902054,32.42675018,797.708313,0.0,2450.359863
4/19/2022 12:13:12.700,1.0,6.762259483,32.64865494,798.0146484,0.0,2455.403809
4/19/2022 12:13:13.980,1.0,6.821934223,32.87698746,798.5789795,0.0,2463.145264
4/19/2022 12:13:15.260,1.0,6.898762226,33.09625244,797.8903809,0.0,2469.16626
4/19/2022 12:13:16.540,1.0,6.977170944,33.31958389,797.8921509,0.0,2477.383545
4/19/2022 12:13:17.820,1.0,7.068492413,33.52809143,797.7746582,0.0,2484.256104
4/19/2022 12:13:19.100,1.0,7.069342613,33.74525452,799.7943726,0.0,2490.908203
4/19/2022 12:13:20.380,1.0,7.127676964,33.95698547,801.0969238,0.0,2496.079102
4/19/2022 12:13:21.660,1.0,7.155563831,34.17129898,800.619873,0.0,2502.773926
4/19/2022 12:13:22.940,1.0,7.227687359,34.38198853,800.6865234,0.0,2511.332275
4/19/2022 12:13:24.220,1.0,7.27180481,34.590168,800.4978027,0.0,2517.063477
4/19/2022 12:13:25.500,1.0,7.346666813,34.7976799,801.3390503,0.0,2522.672607
4/19/2022 12:13:26.780,1.0,7.42425108,35.00302505,802.1365967,0.0,2530.193604
4/19/2022 12:13:28.060,1.0,7.471924782,35.21003342,801.857666,0.0,2536.933594
4/19/2022 12:13:29.340,1.0,7.547287464,35.41559982,801.3442383,0.0,2543.396729
4/19/2022 12:13:30.620,1.0,7.547021866,35.61558151,799.7780151,0.0,2551.964355
4/19/2022 12:13:31.900,1.0,7.620308399,35.81703568,800.3817749,0.0,2556.313477
4/19/2022 12:13:33.180,1.0,7.632236004,36.01280594,798.9466553,0.0,2565.264648
4/19/2022 12:13:34.460,1.0,7.720736504,36.21113586,798.2069702,0.0,2572.292236
4/19/2022 12:13:35.740,1.0,7.795426369,36.40547562,799.3988647,0.0,2577.9729
4/19/2022 12:13:37.020,1.0,7.856164932,36.60868454,799.5083618,0.0,2585.894775
4/19/2022 12:13:38.300,1.0,7.948858261,36.79720306,800.4502563,0.0,2592.330078
4/19/2022 12:13:39.580,1.0,7.980792046,36.99832916,801.7792358,0.0,2597.717529
4/19/2022 12:13:40.860,1.0,8.056713104,37.19390488,802.8881836,0.0,2606.395264
4/19/2022 12:13:42.140,1.0,8.099693298,37.38449097,803.581604,0.0,2611.48877
4/19/2022 12:13:43.420,1.0,8.201534271,37.58308411,804.2463379,0.0,2619.046631
4/19/2022 12:13:44.700,1.0,8.259409904,37.78746414,805.8496094,0.0,2626.47583
4/19/2022 12:13:45.980,1.0,8.377606392,37.98565674,806.4737549,0.0,2633.241943
4/19/2022 12:13:47.260,1.0,8.438141823,38.18775558,806.9782104,0.0,2642.46167
4/19/2022 12:13:48.540,1.0,8.470164299,38.38846207,806.9943237,0.0,2650.141602
4/19/2022 12:13:49.820,1.0,8.577653885,38.59360504,809.5515747,0.0,2659.338623
4/19/2022 12:13:51.100,1.0,8.684209824,38.80563736,809.5741577,0.0,2665.955811
4/19/2022 12:13:52.380,1.0,8.743326187,39.00888062,810.468811,0.0,2673.30835
4/19/2022 12:13:53.660,1.0,8.80119133,39.22024918,812.199585,0.0,2682.559326
4/19/2022 12:13:54.940,1.0,8.888043404,39.4306488,813.1150513,0.0,2691.548584
4/19/2022 12:13:56.220,1.0,8.945616722,39.64601517,813.4901733,0.0,2697.999512
4/19/2022 12:13:57.500,1.0,9.035321236,39.85533524,813.7485352,0.0,2707.349121
4/19/2022 12:13:58.780,1.0,9.141882896,40.06487656,814.1069336,0.0,2716.554688
4/19/2022 12:14:00.060,1.0,9.218298912,40.27562714,814.2960815,0.0,2724.832764
4/19/2022 12:14:01.340,1.0,9.280064583,40.48707199,814.1061401,0.0,2731.23291
4/19/2022 12:14:02.620,1.0,9.400624275,40.69662476,812.9100952,0.0,2740.176514
4/19/2022 12:14:03.900,1.0,9.430737495,40.90991974,812.7420654,0.0,2748.762939
4/19/2022 12:14:05.180,1.0,9.533340454,41.11914825,812.1046143,0.0,2758.316406
4/19/2022 12:14:06.460,1.0,9.59081459,41.32892609,812.4398193,0.0,2765.423096
4/19/2022 12:14:07.740,1.0,9.723801613,41.54005432,811.6760864,0.0,2775.015625
4/19/2022 12:14:09.020,1.0,9.797203064,41.75117874,810.961731,0.0,2783.034668
4/19/2022 12:14:10.300,1.0,9.857577324,41.96158218,811.05896,0.0,2789.465088
4/19/2022 12:14:11.580,1.0,10.00892258,42.18048477,810.9141235,0.0,2798.912109
4/19/2022 12:14:12.860,1.0,10.07161236,42.38685608,810.9578857,0.0,2808.554932
4/19/2022 12:14:14.140,1.0,10.14861774,42.60118866,811.8545532,0.0,2817.192383
4/19/2022 12:14:15.420,1.0,10.23905277,42.82583618,812.0431519,0.0,2825.763428
4/19/2022 12:14:16.700,1.0,10.34292316,43.03930664,812.6741333,0.0,2832.085693
4/19/2022 12:14:17.980,1.0,10.50539875,43.26176453,812.2362671,0.0,2843.871338
4/19/2022 12:14:19.260,1.0,10.51816082,43.49227142,813.6569824,0.0,2852.049805
4/19/2022 12:14:20.540,1.0,10.66587162,43.7182579,814.1027222,0.0,2861.134766
4/19/2022 12:14:21.820,1.0,10.75443363,43.95066452,815.0091553,0.0,2872.545166
4/19/2022 12:14:23.100,1.0,10.91954899,44.19558334,814.9921265,0.0,2881.041748
4/19/2022 12:14:24.380,1.0,11.08673382,44.42956924,816.189209,0.0,2891.343262
4/19/2022 12:14:25.660,1.0,11.14925575,44.67210007,815.730896,0.0,2900.330078
4/19/2022 12:14:26.940,1.0,11.21050072,44.92138672,816.5131836,0.0,2910.685547
4/19/2022 12:14:28.220,1.0,11.39091206,45.17886353,817.4228516,0.0,2922.467041
4/19/2022 12:14:29.500,1.0,11.54014015,45.42420959,817.0638428,0.0,2931.777588
4/19/2022 12:14:30.780,1.0,11.6877203,45.67596817,816.0996704,0.0,2944.770752
